Asset,Order Type,Type,Side,Qty,Filled Qty,Avg. Fill Price,Status,Source,Submitted At,Filled At,Expires At
AMD,Stop @ $263.99,stop,sell,18,18,263.99,filled,access_key,"Oct 30, 2025, 8:29:50 AM","Oct 30, 2025, 8:29:50 AM","Oct 30, 2025, 9:00:00 AM"
PLTR,Limit @ $199.76,limit,sell,23,23,199.76,filled,access_key,"Oct 30, 2025, 8:24:45 AM","Oct 30, 2025, 8:25:19 AM","Oct 30, 2025, 9:00:00 AM"
PLTR,Market,market,buy,23,23,199.15,filled,access_key,"Oct 30, 2025, 8:24:45 AM","Oct 30, 2025, 8:24:45 AM","Oct 30, 2025, 9:00:00 AM"
AMD,Market,market,buy,18,18,264.2624,filled,access_key,"Oct 30, 2025, 8:24:43 AM","Oct 30, 2025, 8:24:43 AM","Oct 30, 2025, 9:00:00 AM"
TSLA,Limit @ $461.51,limit,sell,11,11,461.51,filled,access_key,"Oct 30, 2025, 8:24:41 AM","Oct 30, 2025, 8:25:27 AM","Oct 30, 2025, 9:00:00 AM"
TSLA,Market,market,buy,11,11,460.16,filled,access_key,"Oct 30, 2025, 8:24:41 AM","Oct 30, 2025, 8:24:41 AM","Oct 30, 2025, 9:00:00 AM"
NVDA,Limit @ $207.03,limit,sell,26,26,207.03,filled,access_key,"Oct 30, 2025, 8:24:39 AM","Oct 30, 2025, 8:25:49 AM","Oct 30, 2025, 9:00:00 AM"
NVDA,Market,market,buy,26,26,206.3999,filled,access_key,"Oct 30, 2025, 8:24:39 AM","Oct 30, 2025, 8:24:39 AM","Oct 30, 2025, 9:00:00 AM"
TSLA,Stop @ $460.29,stop,sell,11,11,460.2571,filled,access_key,"Oct 30, 2025, 8:23:22 AM","Oct 30, 2025, 8:23:22 AM","Oct 30, 2025, 9:00:00 AM"
AMD,Stop @ $263.64,stop,sell,20,20,263.61,filled,access_key,"Oct 30, 2025, 8:21:33 AM","Oct 30, 2025, 8:21:33 AM","Oct 30, 2025, 9:00:00 AM"
COIN,Limit @ $352.48,limit,sell,12,12,352.48,filled,access_key,"Oct 30, 2025, 8:21:29 AM","Oct 30, 2025, 8:22:13 AM","Oct 30, 2025, 9:00:00 AM"
COIN,Market,market,buy,12,12,351.5076,filled,access_key,"Oct 30, 2025, 8:21:29 AM","Oct 30, 2025, 8:21:29 AM","Oct 30, 2025, 9:00:00 AM"
NVDA,Limit @ $206.91,limit,sell,22,22,206.91,filled,access_key,"Oct 30, 2025, 8:21:26 AM","Oct 30, 2025, 8:25:24 AM","Oct 30, 2025, 9:00:00 AM"
NVDA,Market,market,buy,22,22,206.2983,filled,access_key,"Oct 30, 2025, 8:21:26 AM","Oct 30, 2025, 8:21:26 AM","Oct 30, 2025, 9:00:00 AM"
PLTR,Limit @ $199.06,limit,sell,24,24,199.06,filled,access_key,"Oct 30, 2025, 8:21:23 AM","Oct 30, 2025, 8:22:10 AM","Oct 30, 2025, 9:00:00 AM"
PLTR,Market,market,buy,24,24,198.5532,filled,access_key,"Oct 30, 2025, 8:21:23 AM","Oct 30, 2025, 8:21:23 AM","Oct 30, 2025, 9:00:00 AM"
TSLA,Market,market,buy,11,11,460.7897,filled,access_key,"Oct 30, 2025, 8:21:21 AM","Oct 30, 2025, 8:21:21 AM","Oct 30, 2025, 9:00:00 AM"
AMD,Market,market,buy,20,20,263.8886,filled,access_key,"Oct 30, 2025, 8:21:18 AM","Oct 30, 2025, 8:21:18 AM","Oct 30, 2025, 9:00:00 AM"
COIN,Stop @ $351.18,stop,sell,13,13,351.355,filled,access_key,"Oct 30, 2025, 8:20:30 AM","Oct 30, 2025, 8:20:30 AM","Oct 30, 2025, 9:00:00 AM"
TSLA,Stop @ $460.52,stop,sell,11,11,460.5876,filled,access_key,"Oct 30, 2025, 8:20:22 AM","Oct 30, 2025, 8:20:22 AM","Oct 30, 2025, 9:00:00 AM"
COIN,Market,market,buy,13,13,351.535,filled,access_key,"Oct 30, 2025, 8:18:50 AM","Oct 30, 2025, 8:18:50 AM","Oct 30, 2025, 9:00:00 AM"
NVDA,Limit @ $206.75,limit,sell,24,24,206.75,filled,access_key,"Oct 30, 2025, 8:18:47 AM","Oct 30, 2025, 8:22:12 AM","Oct 30, 2025, 9:00:00 AM"
NVDA,Market,market,buy,24,24,206.1733,filled,access_key,"Oct 30, 2025, 8:18:47 AM","Oct 30, 2025, 8:18:47 AM","Oct 30, 2025, 9:00:00 AM"
TSLA,Market,market,buy,11,11,460.875,filled,access_key,"Oct 30, 2025, 8:18:44 AM","Oct 30, 2025, 8:18:44 AM","Oct 30, 2025, 9:00:00 AM"
AMD,Limit @ $263.76,limit,sell,21,21,263.76,filled,access_key,"Oct 30, 2025, 8:18:41 AM","Oct 30, 2025, 8:19:08 AM","Oct 30, 2025, 9:00:00 AM"
AMD,Market,market,buy,21,21,263.1633,filled,access_key,"Oct 30, 2025, 8:18:41 AM","Oct 30, 2025, 8:18:41 AM","Oct 30, 2025, 9:00:00 AM"
TSLA,Stop @ $460.86,stop,sell,11,11,460.8418,filled,access_key,"Oct 30, 2025, 8:17:25 AM","Oct 30, 2025, 8:17:25 AM","Oct 30, 2025, 9:00:00 AM"
PLTR,Stop @ $198.24,stop,sell,24,24,198.2333,filled,access_key,"Oct 30, 2025, 8:16:43 AM","Oct 30, 2025, 8:16:43 AM","Oct 30, 2025, 9:00:00 AM"
AMD,Stop @ $263.30,stop,sell,19,19,263.2735,filled,access_key,"Oct 30, 2025, 8:14:37 AM","Oct 30, 2025, 8:14:37 AM","Oct 30, 2025, 9:00:00 AM"
NVDA,Stop @ $206.77,stop,sell,27,27,206.7504,filled,access_key,"Oct 30, 2025, 8:14:14 AM","Oct 30, 2025, 8:14:14 AM","Oct 30, 2025, 9:00:00 AM"
PLTR,Market,market,buy,24,24,198.4865,filled,access_key,"Oct 30, 2025, 8:14:03 AM","Oct 30, 2025, 8:14:03 AM","Oct 30, 2025, 9:00:00 AM"
AMD,Market,market,buy,19,19,263.4945,filled,access_key,"Oct 30, 2025, 8:14:01 AM","Oct 30, 2025, 8:14:01 AM","Oct 30, 2025, 9:00:00 AM"
TSLA,Market,market,buy,11,11,461.395,filled,access_key,"Oct 30, 2025, 8:13:59 AM","Oct 30, 2025, 8:14:00 AM","Oct 30, 2025, 9:00:00 AM"
NVDA,Market,market,buy,27,27,206.98,filled,access_key,"Oct 30, 2025, 8:13:58 AM","Oct 30, 2025, 8:13:58 AM","Oct 30, 2025, 9:00:00 AM"
AMD,Stop @ $262.04,stop,sell,17,17,262.0437,filled,access_key,"Oct 30, 2025, 8:10:02 AM","Oct 30, 2025, 8:10:02 AM","Oct 30, 2025, 9:00:00 AM"
TSLA,Stop @ $460.73,stop,sell,11,11,460.6555,filled,access_key,"Oct 30, 2025, 8:10:02 AM","Oct 30, 2025, 8:10:02 AM","Oct 30, 2025, 9:00:00 AM"
PLTR,Stop @ $198.28,stop,sell,25,25,198.2935,filled,access_key,"Oct 30, 2025, 8:09:51 AM","Oct 30, 2025, 8:09:51 AM","Oct 30, 2025, 9:00:00 AM"
AMD,Market,market,buy,17,17,262.3631,filled,access_key,"Oct 30, 2025, 8:09:29 AM","Oct 30, 2025, 8:09:29 AM","Oct 30, 2025, 9:00:00 AM"
NVDA,Limit @ $206.96,limit,sell,23,23,206.96,filled,access_key,"Oct 30, 2025, 8:09:27 AM","Oct 30, 2025, 8:12:10 AM","Oct 30, 2025, 9:00:00 AM"
NVDA,Market,market,buy,23,23,206.8097,filled,access_key,"Oct 30, 2025, 8:09:26 AM","Oct 30, 2025, 8:09:26 AM","Oct 30, 2025, 9:00:00 AM"
PLTR,Market,market,buy,25,25,198.4999,filled,access_key,"Oct 30, 2025, 8:09:24 AM","Oct 30, 2025, 8:09:24 AM","Oct 30, 2025, 9:00:00 AM"
TSLA,Market,market,buy,11,11,461.22,filled,access_key,"Oct 30, 2025, 8:09:22 AM","Oct 30, 2025, 8:09:22 AM","Oct 30, 2025, 9:00:00 AM"
COIN,Limit @ $355.06,limit,sell,16,16,355.06,filled,access_key,"Oct 30, 2025, 8:09:19 AM","Oct 30, 2025, 8:12:06 AM","Oct 30, 2025, 9:00:00 AM"
COIN,Market,market,buy,16,16,354.1,filled,access_key,"Oct 30, 2025, 8:09:19 AM","Oct 30, 2025, 8:09:19 AM","Oct 30, 2025, 9:00:00 AM"
COIN,Limit @ $352.91,limit,sell,14,14,352.91,filled,access_key,"Oct 30, 2025, 8:05:21 AM","Oct 30, 2025, 8:06:00 AM","Oct 30, 2025, 9:00:00 AM"
COIN,Market,market,buy,14,14,351.865,filled,access_key,"Oct 30, 2025, 8:05:21 AM","Oct 30, 2025, 8:05:21 AM","Oct 30, 2025, 9:00:00 AM"
TSLA,Limit @ $460.81,limit,sell,11,11,460.81,filled,access_key,"Oct 30, 2025, 8:05:18 AM","Oct 30, 2025, 8:06:03 AM","Oct 30, 2025, 9:00:00 AM"
TSLA,Market,market,buy,11,11,459.435,filled,access_key,"Oct 30, 2025, 8:05:18 AM","Oct 30, 2025, 8:05:18 AM","Oct 30, 2025, 9:00:00 AM"
NVDA,Limit @ $206.40,limit,sell,25,25,206.4,filled,access_key,"Oct 30, 2025, 8:05:16 AM","Oct 30, 2025, 8:06:01 AM","Oct 30, 2025, 9:00:00 AM"
NVDA,Market,market,buy,25,25,205.8033,filled,access_key,"Oct 30, 2025, 8:05:16 AM","Oct 30, 2025, 8:05:16 AM","Oct 30, 2025, 9:00:00 AM"
AMD,Limit @ $262.28,limit,sell,21,21,262.28,filled,access_key,"Oct 30, 2025, 8:05:14 AM","Oct 30, 2025, 8:06:01 AM","Oct 30, 2025, 9:00:00 AM"
AMD,Market,market,buy,21,21,261.4958,filled,access_key,"Oct 30, 2025, 8:05:14 AM","Oct 30, 2025, 8:05:14 AM","Oct 30, 2025, 9:00:00 AM"
PLTR,Stop @ $197.07,stop,sell,28,28,197.06,filled,access_key,"Oct 30, 2025, 8:04:23 AM","Oct 30, 2025, 8:04:23 AM","Oct 30, 2025, 9:00:00 AM"
PLTR,Market,market,buy,28,28,197.24,filled,access_key,"Oct 30, 2025, 8:04:14 AM","Oct 30, 2025, 8:04:14 AM","Oct 30, 2025, 9:00:00 AM"
PLTR,Stop @ $197.40,stop,sell,24,24,197.3802,filled,access_key,"Oct 30, 2025, 8:03:41 AM","Oct 30, 2025, 8:03:41 AM","Oct 30, 2025, 9:00:00 AM"
COIN,Stop @ $351.80,stop,sell,12,12,351.7134,filled,access_key,"Oct 30, 2025, 8:03:37 AM","Oct 30, 2025, 8:03:38 AM","Oct 30, 2025, 9:00:00 AM"
TSLA,Stop @ $459.17,stop,sell,11,11,459.18,filled,access_key,"Oct 30, 2025, 8:03:32 AM","Oct 30, 2025, 8:03:33 AM","Oct 30, 2025, 9:00:00 AM"
NVDA,Stop @ $206.08,stop,sell,27,27,206.0833,filled,access_key,"Oct 30, 2025, 8:03:31 AM","Oct 30, 2025, 8:03:31 AM","Oct 30, 2025, 9:00:00 AM"
AMD,Stop @ $261.80,stop,sell,19,19,261.82,filled,access_key,"Oct 30, 2025, 8:03:29 AM","Oct 30, 2025, 8:03:29 AM","Oct 30, 2025, 9:00:00 AM"
COIN,Market,market,buy,12,12,352.3122,filled,access_key,"Oct 30, 2025, 8:03:26 AM","Oct 30, 2025, 8:03:26 AM","Oct 30, 2025, 9:00:00 AM"
PLTR,Market,market,buy,24,24,197.6365,filled,access_key,"Oct 30, 2025, 8:03:24 AM","Oct 30, 2025, 8:03:24 AM","Oct 30, 2025, 9:00:00 AM"
AMD,Market,market,buy,19,19,262.16,filled,access_key,"Oct 30, 2025, 8:03:22 AM","Oct 30, 2025, 8:03:22 AM","Oct 30, 2025, 9:00:00 AM"
TSLA,Market,market,buy,11,11,459.58,filled,access_key,"Oct 30, 2025, 8:03:20 AM","Oct 30, 2025, 8:03:20 AM","Oct 30, 2025, 9:00:00 AM"
NVDA,Market,market,buy,27,27,206.2999,filled,access_key,"Oct 30, 2025, 8:03:18 AM","Oct 30, 2025, 8:03:18 AM","Oct 30, 2025, 9:00:00 AM"
PLTR,Stop @ $197.20,stop,sell,28,28,197.225,filled,access_key,"Oct 30, 2025, 8:02:15 AM","Oct 30, 2025, 8:02:15 AM","Oct 30, 2025, 9:00:00 AM"
TSLA,Stop @ $458.85,stop,sell,11,11,458.8708,filled,access_key,"Oct 30, 2025, 8:01:03 AM","Oct 30, 2025, 8:01:03 AM","Oct 30, 2025, 9:00:00 AM"
NVDA,Stop @ $206.47,stop,sell,24,24,206.4368,filled,access_key,"Oct 30, 2025, 7:59:33 AM","Oct 30, 2025, 7:59:33 AM","Oct 30, 2025, 9:00:00 AM"
AMD,Stop @ $261.63,stop,sell,18,18,261.6004,filled,access_key,"Oct 30, 2025, 7:59:25 AM","Oct 30, 2025, 7:59:25 AM","Oct 30, 2025, 9:00:00 AM"
COIN,Limit @ $353.64,limit,sell,13,13,353.64,filled,access_key,"Oct 30, 2025, 7:58:43 AM","Oct 30, 2025, 8:00:23 AM","Oct 30, 2025, 9:00:00 AM"
COIN,Market,market,buy,13,13,352.58,filled,access_key,"Oct 30, 2025, 7:58:43 AM","Oct 30, 2025, 7:58:43 AM","Oct 30, 2025, 9:00:00 AM"
AMD,Market,market,buy,18,18,261.8992,filled,access_key,"Oct 30, 2025, 7:58:40 AM","Oct 30, 2025, 7:58:40 AM","Oct 30, 2025, 9:00:00 AM"
NVDA,Market,market,buy,24,24,206.7033,filled,access_key,"Oct 30, 2025, 7:58:38 AM","Oct 30, 2025, 7:58:38 AM","Oct 30, 2025, 9:00:00 AM"
TSLA,Market,market,buy,11,11,459.315,filled,access_key,"Oct 30, 2025, 7:58:35 AM","Oct 30, 2025, 7:58:35 AM","Oct 30, 2025, 9:00:00 AM"
PLTR,Market,market,buy,28,28,197.43,filled,access_key,"Oct 30, 2025, 7:58:32 AM","Oct 30, 2025, 7:58:32 AM","Oct 30, 2025, 9:00:00 AM"
AMD,Stop @ $259.58,stop,sell,25,25,259.5581,filled,access_key,"Oct 30, 2025, 7:37:42 AM","Oct 30, 2025, 7:37:42 AM","Oct 30, 2025, 9:00:00 AM"
NVDA,Stop @ $205.54,stop,sell,35,35,205.53,filled,access_key,"Oct 30, 2025, 7:36:48 AM","Oct 30, 2025, 7:36:48 AM","Oct 30, 2025, 9:00:00 AM"
TSLA,Stop @ $456.59,stop,sell,14,14,456.6321,filled,access_key,"Oct 30, 2025, 7:36:47 AM","Oct 30, 2025, 7:36:47 AM","Oct 30, 2025, 9:00:00 AM"
PLTR,Stop @ $195.50,stop,sell,30,30,195.4707,filled,access_key,"Oct 30, 2025, 7:36:44 AM","Oct 30, 2025, 7:36:44 AM","Oct 30, 2025, 9:00:00 AM"
COIN,Stop @ $348.47,stop,sell,13,13,349.095,filled,access_key,"Oct 30, 2025, 7:36:32 AM","Oct 30, 2025, 7:36:32 AM","Oct 30, 2025, 9:00:00 AM"
COIN,Market,market,buy,13,13,349.78,filled,access_key,"Oct 30, 2025, 7:36:29 AM","Oct 30, 2025, 7:36:29 AM","Oct 30, 2025, 9:00:00 AM"
PLTR,Market,market,buy,30,30,195.7814,filled,access_key,"Oct 30, 2025, 7:36:27 AM","Oct 30, 2025, 7:36:27 AM","Oct 30, 2025, 9:00:00 AM"
AMD,Market,market,buy,25,25,260.12,filled,access_key,"Oct 30, 2025, 7:36:25 AM","Oct 30, 2025, 7:36:25 AM","Oct 30, 2025, 9:00:00 AM"
TSLA,Market,market,buy,14,14,458.05,filled,access_key,"Oct 30, 2025, 7:36:22 AM","Oct 30, 2025, 7:36:22 AM","Oct 30, 2025, 9:00:00 AM"
NVDA,Market,market,buy,35,35,205.894,filled,access_key,"Oct 30, 2025, 7:36:20 AM","Oct 30, 2025, 7:36:20 AM","Oct 30, 2025, 9:00:00 AM"
GOOGL,Stop @ $272.16,stop,sell,14,14,272.175,filled,access_key,"Oct 30, 2025, 7:35:33 AM","Oct 30, 2025, 7:35:33 AM","Oct 30, 2025, 9:00:00 AM"
NVDA,Stop @ $206.51,stop,sell,34,34,206.51,filled,access_key,"Oct 30, 2025, 7:35:28 AM","Oct 30, 2025, 7:35:28 AM","Oct 30, 2025, 9:00:00 AM"
TSLA,Stop @ $459.81,stop,sell,13,13,459.7732,filled,access_key,"Oct 30, 2025, 7:35:28 AM","Oct 30, 2025, 7:35:28 AM","Oct 30, 2025, 9:00:00 AM"
AMD,Stop @ $261.44,stop,sell,23,23,261.44,filled,access_key,"Oct 30, 2025, 7:35:26 AM","Oct 30, 2025, 7:35:26 AM","Oct 30, 2025, 9:00:00 AM"
COIN,Limit @ $353.32,limit,sell,12,12,353.32,filled,access_key,"Oct 30, 2025, 7:28:23 AM","Oct 30, 2025, 7:33:55 AM","Oct 30, 2025, 9:00:00 AM"
COIN,Market,market,buy,12,12,351.56,filled,access_key,"Oct 30, 2025, 7:28:23 AM","Oct 30, 2025, 7:28:23 AM","Oct 30, 2025, 9:00:00 AM"
PLTR,Limit @ $197.73,limit,sell,29,29,197.73,filled,access_key,"Oct 30, 2025, 7:28:21 AM","Oct 30, 2025, 7:33:49 AM","Oct 30, 2025, 9:00:00 AM"
PLTR,Market,market,buy,29,29,196.7554,filled,access_key,"Oct 30, 2025, 7:28:21 AM","Oct 30, 2025, 7:28:21 AM","Oct 30, 2025, 9:00:00 AM"
AMD,Market,market,buy,23,23,261.9795,filled,access_key,"Oct 30, 2025, 7:28:19 AM","Oct 30, 2025, 7:28:19 AM","Oct 30, 2025, 9:00:00 AM"
TSLA,Market,market,buy,13,13,460.67,filled,access_key,"Oct 30, 2025, 7:28:17 AM","Oct 30, 2025, 7:28:17 AM","Oct 30, 2025, 9:00:00 AM"
NVDA,Market,market,buy,34,34,206.9293,filled,access_key,"Oct 30, 2025, 7:28:15 AM","Oct 30, 2025, 7:28:15 AM","Oct 30, 2025, 9:00:00 AM"
NVDA,Stop @ $206.55,stop,sell,26,26,206.5334,filled,access_key,"Oct 30, 2025, 7:26:26 AM","Oct 30, 2025, 7:26:26 AM","Oct 30, 2025, 9:00:00 AM"
NVDA,Stop @ $206.88,stop,sell,32,32,206.8801,filled,access_key,"Oct 30, 2025, 7:23:41 AM","Oct 30, 2025, 7:23:41 AM","Oct 30, 2025, 9:00:00 AM"
AMD,Stop @ $261.42,stop,sell,22,22,261.4311,filled,access_key,"Oct 30, 2025, 7:23:35 AM","Oct 30, 2025, 7:23:35 AM","Oct 30, 2025, 9:00:00 AM"
PLTR,Stop @ $196.71,stop,sell,27,27,196.6937,filled,access_key,"Oct 30, 2025, 7:21:43 AM","Oct 30, 2025, 7:21:43 AM","Oct 30, 2025, 9:00:00 AM"
TSLA,Stop @ $459.92,stop,sell,12,12,460.0012,filled,access_key,"Oct 30, 2025, 7:21:30 AM","Oct 30, 2025, 7:21:30 AM","Oct 30, 2025, 9:00:00 AM"
COIN,Stop @ $352.47,stop,sell,11,11,352.1613,filled,access_key,"Oct 30, 2025, 7:21:24 AM","Oct 30, 2025, 7:21:24 AM","Oct 30, 2025, 9:00:00 AM"
COIN,Market,market,buy,11,11,353.0915,filled,access_key,"Oct 30, 2025, 7:20:25 AM","Oct 30, 2025, 7:20:25 AM","Oct 30, 2025, 9:00:00 AM"
PLTR,Market,market,buy,27,27,197.1325,filled,access_key,"Oct 30, 2025, 7:20:23 AM","Oct 30, 2025, 7:20:23 AM","Oct 30, 2025, 9:00:00 AM"
AMD,Market,market,buy,22,22,261.94,filled,access_key,"Oct 30, 2025, 7:20:21 AM","Oct 30, 2025, 7:20:21 AM","Oct 30, 2025, 9:00:00 AM"
TSLA,Market,market,buy,12,12,460.77,filled,access_key,"Oct 30, 2025, 7:20:20 AM","Oct 30, 2025, 7:20:20 AM","Oct 30, 2025, 9:00:00 AM"
NVDA,Market,market,buy,32,32,207.28,filled,access_key,"Oct 30, 2025, 7:20:18 AM","Oct 30, 2025, 7:20:18 AM","Oct 30, 2025, 9:00:00 AM"
NVDA,Stop @ $206.90,stop,sell,31,31,206.8834,filled,access_key,"Oct 30, 2025, 7:15:13 AM","Oct 30, 2025, 7:15:13 AM","Oct 30, 2025, 9:00:00 AM"
AMD,Stop @ $261.35,stop,sell,21,21,261.3109,filled,access_key,"Oct 30, 2025, 7:14:12 AM","Oct 30, 2025, 7:14:12 AM","Oct 30, 2025, 9:00:00 AM"
GOOGL,Stop @ $272.30,stop,sell,12,12,272.32,filled,access_key,"Oct 30, 2025, 7:13:32 AM","Oct 30, 2025, 7:13:32 AM","Oct 30, 2025, 9:00:00 AM"
TSLA,Stop @ $459.88,stop,sell,12,12,459.86,filled,access_key,"Oct 30, 2025, 7:13:01 AM","Oct 30, 2025, 7:13:01 AM","Oct 30, 2025, 9:00:00 AM"
PLTR,Stop @ $197.36,stop,sell,26,26,197.3296,filled,access_key,"Oct 30, 2025, 7:12:54 AM","Oct 30, 2025, 7:12:54 AM","Oct 30, 2025, 9:00:00 AM"
COIN,Stop @ $353.00,stop,sell,11,11,352.7908,filled,access_key,"Oct 30, 2025, 7:12:49 AM","Oct 30, 2025, 7:12:49 AM","Oct 30, 2025, 9:00:00 AM"
COIN,Market,market,buy,11,11,353.788,filled,access_key,"Oct 30, 2025, 7:12:29 AM","Oct 30, 2025, 7:12:29 AM","Oct 30, 2025, 9:00:00 AM"
PLTR,Market,market,buy,26,26,197.7774,filled,access_key,"Oct 30, 2025, 7:12:27 AM","Oct 30, 2025, 7:12:27 AM","Oct 30, 2025, 9:00:00 AM"
AMD,Market,market,buy,21,21,261.906,filled,access_key,"Oct 30, 2025, 7:12:25 AM","Oct 30, 2025, 7:12:25 AM","Oct 30, 2025, 9:00:00 AM"
TSLA,Market,market,buy,12,12,460.83,filled,access_key,"Oct 30, 2025, 7:12:23 AM","Oct 30, 2025, 7:12:23 AM","Oct 30, 2025, 9:00:00 AM"
NVDA,Market,market,buy,31,31,207.2866,filled,access_key,"Oct 30, 2025, 7:12:21 AM","Oct 30, 2025, 7:12:21 AM","Oct 30, 2025, 9:00:00 AM"
PLTR,Stop @ $196.81,stop,sell,23,23,196.7703,filled,access_key,"Oct 30, 2025, 7:05:20 AM","Oct 30, 2025, 7:05:20 AM","Oct 30, 2025, 9:00:00 AM"
COIN,Stop @ $351.69,stop,sell,11,11,351.58,filled,access_key,"Oct 30, 2025, 7:05:13 AM","Oct 30, 2025, 7:05:13 AM","Oct 30, 2025, 9:00:00 AM"
AMD,Stop @ $261.19,stop,sell,19,19,261.21,filled,access_key,"Oct 30, 2025, 7:05:10 AM","Oct 30, 2025, 7:05:10 AM","Oct 30, 2025, 9:00:00 AM"
AMD,Stop @ $261.31,stop,sell,17,17,261.2945,filled,access_key,"Oct 30, 2025, 7:05:10 AM","Oct 30, 2025, 7:05:10 AM","Oct 30, 2025, 9:00:00 AM"
COIN,Stop @ $351.94,stop,sell,4,4,352.385,filled,access_key,"Oct 30, 2025, 7:04:41 AM","Oct 30, 2025, 7:04:41 AM","Oct 30, 2025, 9:00:00 AM"
TSLA,Stop @ $460.01,stop,sell,10,10,460.0772,filled,access_key,"Oct 30, 2025, 7:04:37 AM","Oct 30, 2025, 7:04:37 AM","Oct 30, 2025, 9:00:00 AM"
TSLA,Stop @ $460.07,stop,sell,4,4,460.1188,filled,access_key,"Oct 30, 2025, 7:04:36 AM","Oct 30, 2025, 7:04:36 AM","Oct 30, 2025, 9:00:00 AM"
TSLA,Stop @ $460.06,stop,sell,6,6,460.1236,filled,access_key,"Oct 30, 2025, 7:04:36 AM","Oct 30, 2025, 7:04:36 AM","Oct 30, 2025, 9:00:00 AM"
TSLA,Stop @ $460.10,stop,sell,3,3,460.0949,filled,access_key,"Oct 30, 2025, 7:04:35 AM","Oct 30, 2025, 7:04:35 AM","Oct 30, 2025, 9:00:00 AM"
TSLA,Stop @ $460.18,stop,sell,6,6,460.2925,filled,access_key,"Oct 30, 2025, 7:04:35 AM","Oct 30, 2025, 7:04:35 AM","Oct 30, 2025, 9:00:00 AM"
TSLA,Stop @ $460.23,stop,sell,3,3,460.2404,filled,access_key,"Oct 30, 2025, 7:04:35 AM","Oct 30, 2025, 7:04:35 AM","Oct 30, 2025, 9:00:00 AM"
TSLA,Stop @ $460.28,stop,sell,10,10,460.28,filled,access_key,"Oct 30, 2025, 7:04:35 AM","Oct 30, 2025, 7:04:35 AM","Oct 30, 2025, 9:00:00 AM"
COIN,Market,market,buy,11,11,352.66,filled,access_key,"Oct 30, 2025, 7:04:33 AM","Oct 30, 2025, 7:04:33 AM","Oct 30, 2025, 9:00:00 AM"
GOOGL,Market,market,buy,12,12,272.84,filled,access_key,"Oct 30, 2025, 7:04:31 AM","Oct 30, 2025, 7:04:31 AM","Oct 30, 2025, 9:00:00 AM"
PLTR,Market,market,buy,23,23,197.2785,filled,access_key,"Oct 30, 2025, 7:04:29 AM","Oct 30, 2025, 7:04:29 AM","Oct 30, 2025, 9:00:00 AM"
AMD,Market,market,buy,19,19,261.655,filled,access_key,"Oct 30, 2025, 7:04:27 AM","Oct 30, 2025, 7:04:27 AM","Oct 30, 2025, 9:00:00 AM"
TSLA,Market,market,buy,10,10,460.775,filled,access_key,"Oct 30, 2025, 7:04:25 AM","Oct 30, 2025, 7:04:25 AM","Oct 30, 2025, 9:00:00 AM"
NVDA,Market,market,buy,26,26,207.0327,filled,access_key,"Oct 30, 2025, 7:04:23 AM","Oct 30, 2025, 7:04:23 AM","Oct 30, 2025, 9:00:00 AM"
COIN,Stop @ $352.04,stop,sell,7,7,352.0679,filled,access_key,"Oct 30, 2025, 7:04:11 AM","Oct 30, 2025, 7:04:11 AM","Oct 30, 2025, 9:00:00 AM"
COIN,Stop @ $352.05,stop,sell,8,8,352.165,filled,access_key,"Oct 30, 2025, 7:04:11 AM","Oct 30, 2025, 7:04:11 AM","Oct 30, 2025, 9:00:00 AM"
AMD,Stop @ $261.39,stop,sell,13,13,261.3684,filled,access_key,"Oct 30, 2025, 7:03:24 AM","Oct 30, 2025, 7:03:24 AM","Oct 30, 2025, 9:00:00 AM"
AMD,Stop @ $261.40,stop,sell,6,6,261.3719,filled,access_key,"Oct 30, 2025, 7:03:24 AM","Oct 30, 2025, 7:03:24 AM","Oct 30, 2025, 9:00:00 AM"
PLTR,Stop @ $197.18,stop,sell,8,8,197.1528,filled,access_key,"Oct 30, 2025, 7:03:10 AM","Oct 30, 2025, 7:03:10 AM","Oct 30, 2025, 9:00:00 AM"
AMD,Stop @ $261.43,stop,sell,8,8,261.5503,filled,access_key,"Oct 30, 2025, 7:03:09 AM","Oct 30, 2025, 7:03:09 AM","Oct 30, 2025, 9:00:00 AM"
AMD,Stop @ $261.53,stop,sell,14,14,261.5,filled,access_key,"Oct 30, 2025, 7:03:08 AM","Oct 30, 2025, 7:03:08 AM","Oct 30, 2025, 9:00:00 AM"
AMD,Stop @ $261.50,stop,sell,9,9,261.545,filled,access_key,"Oct 30, 2025, 7:03:08 AM","Oct 30, 2025, 7:03:08 AM","Oct 30, 2025, 9:00:00 AM"
NVDA,Stop @ $206.85,stop,sell,11,11,206.8469,filled,access_key,"Oct 30, 2025, 7:03:08 AM","Oct 30, 2025, 7:03:08 AM","Oct 30, 2025, 9:00:00 AM"
PLTR,Stop @ $197.42,stop,sell,18,18,197.4448,filled,access_key,"Oct 30, 2025, 7:03:03 AM","Oct 30, 2025, 7:03:03 AM","Oct 30, 2025, 9:00:00 AM"
PLTR,Stop @ $197.48,stop,sell,11,11,197.4435,filled,access_key,"Oct 30, 2025, 7:03:03 AM","Oct 30, 2025, 7:03:03 AM","Oct 30, 2025, 9:00:00 AM"
TSLA,Stop @ $461.32,stop,sell,4,4,461.2196,filled,access_key,"Oct 30, 2025, 7:03:02 AM","Oct 30, 2025, 7:03:02 AM","Oct 30, 2025, 9:00:00 AM"
PLTR,Market,market,buy,11,11,197.8909,filled,access_key,"Oct 30, 2025, 7:01:21 AM","Oct 30, 2025, 7:01:21 AM","Oct 30, 2025, 9:00:00 AM"
NVDA,Stop @ $207.08,stop,sell,8,8,207.0769,filled,access_key,"Oct 30, 2025, 7:01:19 AM","Oct 30, 2025, 7:01:19 AM","Oct 30, 2025, 9:00:00 AM"
AMD,Market,market,buy,8,8,261.982,filled,access_key,"Oct 30, 2025, 7:01:18 AM","Oct 30, 2025, 7:01:18 AM","Oct 30, 2025, 9:00:00 AM"
NVDA,Market,market,buy,11,11,207.2862,filled,access_key,"Oct 30, 2025, 7:01:15 AM","Oct 30, 2025, 7:01:15 AM","Oct 30, 2025, 9:00:00 AM"
TSLA,Market,market,buy,4,4,462.265,filled,access_key,"Oct 30, 2025, 7:01:13 AM","Oct 30, 2025, 7:01:13 AM","Oct 30, 2025, 9:00:00 AM"
AMD,Stop @ $261.69,stop,sell,7,7,261.67,filled,access_key,"Oct 30, 2025, 7:00:11 AM","Oct 30, 2025, 7:00:11 AM","Oct 30, 2025, 9:00:00 AM"
NVDA,Stop @ $207.29,stop,sell,9,9,207.27,filled,access_key,"Oct 30, 2025, 7:00:10 AM","Oct 30, 2025, 7:00:10 AM","Oct 30, 2025, 9:00:00 AM"
AMD,Stop @ $261.74,stop,sell,6,6,261.75,filled,access_key,"Oct 30, 2025, 6:59:17 AM","Oct 30, 2025, 6:59:17 AM","Oct 30, 2025, 9:00:00 AM"
PLTR,Market,market,buy,8,8,197.6,filled,access_key,"Oct 30, 2025, 6:58:43 AM","Oct 30, 2025, 6:58:43 AM","Oct 30, 2025, 9:00:00 AM"
AMD,Market,market,buy,6,6,261.9,filled,access_key,"Oct 30, 2025, 6:58:40 AM","Oct 30, 2025, 6:58:40 AM","Oct 30, 2025, 9:00:00 AM"
COIN,Limit @ $354.12,limit,sell,4,4,354.12,filled,access_key,"Oct 30, 2025, 6:58:38 AM","Oct 30, 2025, 7:02:10 AM","Oct 30, 2025, 9:00:00 AM"
COIN,Market,market,buy,4,4,352.4205,filled,access_key,"Oct 30, 2025, 6:58:38 AM","Oct 30, 2025, 6:58:38 AM","Oct 30, 2025, 9:00:00 AM"
NVDA,Market,market,buy,8,8,207.4797,filled,access_key,"Oct 30, 2025, 6:58:36 AM","Oct 30, 2025, 6:58:36 AM","Oct 30, 2025, 9:00:00 AM"
TSLA,Market,market,buy,3,3,461.0416,filled,access_key,"Oct 30, 2025, 6:58:34 AM","Oct 30, 2025, 6:58:34 AM","Oct 30, 2025, 9:00:00 AM"
PLTR,Stop @ $197.55,stop,sell,10,10,197.5273,filled,access_key,"Oct 30, 2025, 6:57:47 AM","Oct 30, 2025, 6:57:47 AM","Oct 30, 2025, 9:00:00 AM"
PLTR,Stop @ $197.66,stop,sell,15,15,197.6473,filled,access_key,"Oct 30, 2025, 6:57:35 AM","Oct 30, 2025, 6:57:35 AM","Oct 30, 2025, 9:00:00 AM"
NVDA,Stop @ $207.55,stop,sell,9,9,207.5429,filled,access_key,"Oct 30, 2025, 6:55:57 AM","Oct 30, 2025, 6:55:57 AM","Oct 30, 2025, 9:00:00 AM"
AMD,Market,market,buy,6,6,262.2787,filled,access_key,"Oct 30, 2025, 6:54:40 AM","Oct 30, 2025, 6:54:40 AM","Oct 30, 2025, 9:00:00 AM"
TSLA,Market,market,buy,3,3,461.1776,filled,access_key,"Oct 30, 2025, 6:54:38 AM","Oct 30, 2025, 6:54:38 AM","Oct 30, 2025, 9:00:00 AM"
COIN,Market,market,buy,4,4,352.65,filled,access_key,"Oct 30, 2025, 6:54:35 AM","Oct 30, 2025, 6:54:35 AM","Oct 30, 2025, 9:00:00 AM"
PLTR,Market,market,buy,10,10,197.9662,filled,access_key,"Oct 30, 2025, 6:54:33 AM","Oct 30, 2025, 6:54:33 AM","Oct 30, 2025, 9:00:00 AM"
NVDA,Market,market,buy,9,9,207.715,filled,access_key,"Oct 30, 2025, 6:54:31 AM","Oct 30, 2025, 6:54:31 AM","Oct 30, 2025, 9:00:00 AM"
PLTR,Stop @ $197.92,stop,sell,11,11,197.92,filled,access_key,"Oct 30, 2025, 6:54:30 AM","Oct 30, 2025, 6:54:30 AM","Oct 30, 2025, 9:00:00 AM"
PLTR,Stop @ $198.02,stop,sell,12,12,198.0203,filled,access_key,"Oct 30, 2025, 6:54:23 AM","Oct 30, 2025, 6:54:23 AM","Oct 30, 2025, 9:00:00 AM"
AMD,Market,market,buy,7,7,262.25,filled,access_key,"Oct 30, 2025, 6:53:28 AM","Oct 30, 2025, 6:53:28 AM","Oct 30, 2025, 9:00:00 AM"
TSLA,Market,market,buy,4,4,461.0054,filled,access_key,"Oct 30, 2025, 6:53:25 AM","Oct 30, 2025, 6:53:25 AM","Oct 30, 2025, 9:00:00 AM"
NVDA,Market,market,buy,9,9,207.9599,filled,access_key,"Oct 30, 2025, 6:53:23 AM","Oct 30, 2025, 6:53:23 AM","Oct 30, 2025, 9:00:00 AM"
PLTR,Market,market,buy,11,11,198.32,filled,access_key,"Oct 30, 2025, 6:53:20 AM","Oct 30, 2025, 6:53:20 AM","Oct 30, 2025, 9:00:00 AM"
COIN,Market,market,buy,7,7,352.7447,filled,access_key,"Oct 30, 2025, 6:53:18 AM","Oct 30, 2025, 6:53:18 AM","Oct 30, 2025, 9:00:00 AM"
AMD,Market,market,buy,9,9,262.03,filled,access_key,"Oct 30, 2025, 6:52:11 AM","Oct 30, 2025, 6:52:11 AM","Oct 30, 2025, 9:00:00 AM"
COIN,Market,market,buy,8,8,352.7191,filled,access_key,"Oct 30, 2025, 6:52:05 AM","Oct 30, 2025, 6:52:05 AM","Oct 30, 2025, 9:00:00 AM"
PLTR,Market,market,buy,12,12,198.4197,filled,access_key,"Oct 30, 2025, 6:52:03 AM","Oct 30, 2025, 6:52:03 AM","Oct 30, 2025, 9:00:00 AM"
TSLA,Market,market,buy,6,6,460.999,filled,access_key,"Oct 30, 2025, 6:52:00 AM","Oct 30, 2025, 6:52:01 AM","Oct 30, 2025, 9:00:00 AM"
COIN,Limit @ $354.15,limit,sell,9,9,354.15,filled,access_key,"Oct 30, 2025, 6:50:43 AM","Oct 30, 2025, 7:02:10 AM","Oct 30, 2025, 9:00:00 AM"
COIN,Market,market,buy,9,9,352.43,filled,access_key,"Oct 30, 2025, 6:50:43 AM","Oct 30, 2025, 6:50:43 AM","Oct 30, 2025, 9:00:00 AM"
PLTR,Market,market,buy,15,15,198.0697,filled,access_key,"Oct 30, 2025, 6:50:42 AM","Oct 30, 2025, 6:50:42 AM","Oct 30, 2025, 9:00:00 AM"
AMD,Market,market,buy,13,13,261.9259,filled,access_key,"Oct 30, 2025, 6:50:40 AM","Oct 30, 2025, 6:50:40 AM","Oct 30, 2025, 9:00:00 AM"
TSLA,Market,market,buy,6,6,461.1144,filled,access_key,"Oct 30, 2025, 6:50:38 AM","Oct 30, 2025, 6:50:38 AM","Oct 30, 2025, 9:00:00 AM"
AMD,Market,market,buy,14,14,262.0828,filled,access_key,"Oct 30, 2025, 6:46:53 AM","Oct 30, 2025, 6:46:53 AM","Oct 30, 2025, 9:00:00 AM"
PLTR,Market,market,buy,18,18,197.8229,filled,access_key,"Oct 30, 2025, 6:46:51 AM","Oct 30, 2025, 6:46:51 AM","Oct 30, 2025, 9:00:00 AM"
GOOGL,Market,market,buy,14,14,272.72,filled,access_key,"Oct 30, 2025, 6:46:48 AM","Oct 30, 2025, 6:46:48 AM","Oct 30, 2025, 9:00:00 AM"
COIN,Limit @ $354.06,limit,sell,14,14,354.06,filled,access_key,"Oct 30, 2025, 6:46:45 AM","Oct 30, 2025, 7:02:08 AM","Oct 30, 2025, 9:00:00 AM"
COIN,Market,market,buy,14,14,352.1321,filled,access_key,"Oct 30, 2025, 6:46:45 AM","Oct 30, 2025, 6:46:45 AM","Oct 30, 2025, 9:00:00 AM"
TSLA,Market,market,buy,10,10,461.2,filled,access_key,"Oct 30, 2025, 6:46:43 AM","Oct 30, 2025, 6:46:43 AM","Oct 30, 2025, 9:00:00 AM"
COIN,Limit @ $354.06,limit,sell,14,14,354.06,filled,access_key,"Oct 30, 2025, 6:42:10 AM","Oct 30, 2025, 7:02:10 AM","Oct 30, 2025, 9:00:00 AM"
COIN,Market,market,buy,14,14,352.1,filled,access_key,"Oct 30, 2025, 6:42:10 AM","Oct 30, 2025, 6:42:10 AM","Oct 30, 2025, 9:00:00 AM"
AMD,Market,market,buy,17,17,261.8362,filled,access_key,"Oct 30, 2025, 6:42:07 AM","Oct 30, 2025, 6:42:07 AM","Oct 30, 2025, 9:00:00 AM"
PLTR,Limit @ $198.45,limit,sell,24,24,198.45,filled,access_key,"Oct 30, 2025, 6:41:48 AM","Oct 30, 2025, 6:51:41 AM","Oct 30, 2025, 9:00:00 AM"
PLTR,Market,market,buy,24,24,197.4773,filled,access_key,"Oct 30, 2025, 6:41:48 AM","Oct 30, 2025, 6:41:48 AM","Oct 30, 2025, 9:00:00 AM"
TSLA,Limit @ $462.07,limit,sell,12,12,462.07,filled,access_key,"Oct 30, 2025, 6:40:25 AM","Oct 30, 2025, 7:00:21 AM","Oct 30, 2025, 9:00:00 AM"
TSLA,Market,market,buy,12,12,459.7982,filled,access_key,"Oct 30, 2025, 6:40:25 AM","Oct 30, 2025, 6:40:25 AM","Oct 30, 2025, 9:00:00 AM"
TSLA,Limit @ $462.09,limit,sell,11,11,462.09,filled,access_key,"Oct 30, 2025, 6:36:44 AM","Oct 30, 2025, 7:00:21 AM","Oct 30, 2025, 9:00:00 AM"
TSLA,Market,market,buy,11,11,459.8346,filled,access_key,"Oct 30, 2025, 6:36:44 AM","Oct 30, 2025, 6:36:44 AM","Oct 30, 2025, 9:00:00 AM"
COIN,Limit @ $353.95,limit,sell,18,18,353.95,filled,access_key,"Oct 30, 2025, 6:36:40 AM","Oct 30, 2025, 7:02:07 AM","Oct 30, 2025, 9:00:00 AM"
COIN,Market,market,buy,18,18,352.2211,filled,access_key,"Oct 30, 2025, 6:36:40 AM","Oct 30, 2025, 6:36:40 AM","Oct 30, 2025, 9:00:00 AM"
TSLA,Limit @ $461.04,limit,sell,15,15,461.04,filled,access_key,"Oct 30, 2025, 6:32:11 AM","Oct 30, 2025, 6:43:42 AM","Oct 30, 2025, 9:00:00 AM"
TSLA,Market,market,buy,15,15,458.77,filled,access_key,"Oct 30, 2025, 6:32:11 AM","Oct 30, 2025, 6:32:11 AM","Oct 30, 2025, 9:00:00 AM"
TSLA,Market,market,sell,48,48,462.152,filled,access_key,"Oct 29, 2025, 8:36:43 AM","Oct 29, 2025, 8:36:43 AM","Oct 29, 2025, 9:00:00 AM"
PLTR,Market,market,sell,24,24,190.2599,filled,access_key,"Oct 29, 2025, 8:36:43 AM","Oct 29, 2025, 8:36:43 AM","Oct 29, 2025, 9:00:00 AM"
F,Market,market,sell,548,548,13.115,filled,access_key,"Oct 29, 2025, 8:36:42 AM","Oct 29, 2025, 8:36:42 AM","Oct 29, 2025, 9:00:00 AM"
COIN,Stop @ $354.41,stop,sell,14,14,354.2725,filled,access_key,"Oct 29, 2025, 8:30:06 AM","Oct 29, 2025, 8:30:06 AM","Oct 29, 2025, 9:00:00 AM"
COIN,Stop @ $354.42,stop,sell,16,16,354.2716,filled,access_key,"Oct 29, 2025, 8:30:06 AM","Oct 29, 2025, 8:30:06 AM","Oct 29, 2025, 9:00:00 AM"
F,Market,market,buy,289,289,13.1184,filled,access_key,"Oct 29, 2025, 8:22:02 AM","Oct 29, 2025, 8:22:02 AM","Oct 29, 2025, 9:00:00 AM"
COIN,Market,market,buy,14,14,355.125,filled,access_key,"Oct 29, 2025, 8:22:00 AM","Oct 29, 2025, 8:22:00 AM","Oct 29, 2025, 9:00:00 AM"
PLTR,Market,market,buy,24,24,189.57,filled,access_key,"Oct 29, 2025, 8:21:58 AM","Oct 29, 2025, 8:21:58 AM","Oct 29, 2025, 9:00:00 AM"
TSLA,Market,market,buy,12,12,461.4451,filled,access_key,"Oct 29, 2025, 8:21:56 AM","Oct 29, 2025, 8:21:56 AM","Oct 29, 2025, 9:00:00 AM"
PLTR,Stop @ $189.61,stop,sell,26,26,189.61,filled,access_key,"Oct 29, 2025, 8:21:37 AM","Oct 29, 2025, 8:21:37 AM","Oct 29, 2025, 9:00:00 AM"
COIN,Stop @ $354.95,stop,sell,12,12,354.86,filled,access_key,"Oct 29, 2025, 8:20:32 AM","Oct 29, 2025, 8:20:32 AM","Oct 29, 2025, 9:00:00 AM"
PLTR,Stop @ $190.13,stop,sell,21,21,190.1103,filled,access_key,"Oct 29, 2025, 8:17:45 AM","Oct 29, 2025, 8:17:45 AM","Oct 29, 2025, 9:00:00 AM"
F,Stop @ $13.11,stop,sell,293,293,13.1116,filled,access_key,"Oct 29, 2025, 8:16:14 AM","Oct 29, 2025, 8:16:14 AM","Oct 29, 2025, 9:00:00 AM"
F,Stop @ $13.11,stop,sell,277,277,13.115,filled,access_key,"Oct 29, 2025, 8:16:14 AM","Oct 29, 2025, 8:16:14 AM","Oct 29, 2025, 9:00:00 AM"
F,Stop @ $13.11,stop,sell,352,352,13.115,filled,access_key,"Oct 29, 2025, 8:16:14 AM","Oct 29, 2025, 8:16:14 AM","Oct 29, 2025, 9:00:00 AM"
F,Market,market,buy,259,259,13.1272,filled,access_key,"Oct 29, 2025, 8:13:51 AM","Oct 29, 2025, 8:13:51 AM","Oct 29, 2025, 9:00:00 AM"
COIN,Market,market,buy,12,12,355.7256,filled,access_key,"Oct 29, 2025, 8:13:49 AM","Oct 29, 2025, 8:13:49 AM","Oct 29, 2025, 9:00:00 AM"
PLTR,Market,market,buy,21,21,190.5202,filled,access_key,"Oct 29, 2025, 8:13:47 AM","Oct 29, 2025, 8:13:47 AM","Oct 29, 2025, 9:00:00 AM"
TSLA,Market,market,buy,11,11,461.246,filled,access_key,"Oct 29, 2025, 8:13:45 AM","Oct 29, 2025, 8:13:45 AM","Oct 29, 2025, 9:00:00 AM"
F,Stop @ $13.12,stop,sell,316,316,13.1248,filled,access_key,"Oct 29, 2025, 8:12:38 AM","Oct 29, 2025, 8:12:38 AM","Oct 29, 2025, 9:00:00 AM"
F,Market,market,buy,316,316,13.1452,filled,access_key,"Oct 29, 2025, 8:05:38 AM","Oct 29, 2025, 8:05:38 AM","Oct 29, 2025, 9:00:00 AM"
COIN,Market,market,buy,16,16,355.488,filled,access_key,"Oct 29, 2025, 8:05:36 AM","Oct 29, 2025, 8:05:36 AM","Oct 29, 2025, 9:00:00 AM"
PLTR,Market,market,buy,26,26,190.0294,filled,access_key,"Oct 29, 2025, 8:05:34 AM","Oct 29, 2025, 8:05:34 AM","Oct 29, 2025, 9:00:00 AM"
TSLA,Market,market,buy,14,14,461.2306,filled,access_key,"Oct 29, 2025, 8:05:32 AM","Oct 29, 2025, 8:05:32 AM","Oct 29, 2025, 9:00:00 AM"
COIN,Stop @ $355.06,stop,sell,12,12,355.1146,filled,access_key,"Oct 29, 2025, 8:02:37 AM","Oct 29, 2025, 8:02:37 AM","Oct 29, 2025, 9:00:00 AM"
PLTR,Stop @ $190.13,stop,sell,21,21,190.1334,filled,access_key,"Oct 29, 2025, 8:01:42 AM","Oct 29, 2025, 8:01:42 AM","Oct 29, 2025, 9:00:00 AM"
F,Stop @ $13.12,stop,sell,253,253,13.1245,filled,access_key,"Oct 29, 2025, 8:01:00 AM","Oct 29, 2025, 8:01:00 AM","Oct 29, 2025, 9:00:00 AM"
F,Stop @ $13.12,stop,sell,266,266,13.1244,filled,access_key,"Oct 29, 2025, 8:01:00 AM","Oct 29, 2025, 8:01:00 AM","Oct 29, 2025, 9:00:00 AM"
F,Stop @ $13.12,stop,sell,298,298,13.1201,filled,access_key,"Oct 29, 2025, 8:01:00 AM","Oct 29, 2025, 8:01:00 AM","Oct 29, 2025, 9:00:00 AM"
F,Stop @ $13.12,stop,sell,320,320,13.1243,filled,access_key,"Oct 29, 2025, 8:01:00 AM","Oct 29, 2025, 8:01:00 AM","Oct 29, 2025, 9:00:00 AM"
TSLA,Stop @ $460.83,stop,sell,11,11,460.8255,filled,access_key,"Oct 29, 2025, 8:00:23 AM","Oct 29, 2025, 8:00:23 AM","Oct 29, 2025, 9:00:00 AM"
F,Stop @ $13.13,stop,sell,268,268,13.1316,filled,access_key,"Oct 29, 2025, 8:00:23 AM","Oct 29, 2025, 8:00:23 AM","Oct 29, 2025, 9:00:00 AM"
F,Stop @ $13.13,stop,sell,239,239,13.1329,filled,access_key,"Oct 29, 2025, 8:00:23 AM","Oct 29, 2025, 8:00:23 AM","Oct 29, 2025, 9:00:00 AM"
F,Market,market,buy,253,253,13.155,filled,access_key,"Oct 29, 2025, 7:57:13 AM","Oct 29, 2025, 7:57:13 AM","Oct 29, 2025, 9:00:00 AM"
COIN,Market,market,buy,12,12,355.8048,filled,access_key,"Oct 29, 2025, 7:57:11 AM","Oct 29, 2025, 7:57:11 AM","Oct 29, 2025, 9:00:00 AM"
PLTR,Market,market,buy,21,21,190.5473,filled,access_key,"Oct 29, 2025, 7:57:09 AM","Oct 29, 2025, 7:57:09 AM","Oct 29, 2025, 9:00:00 AM"
TSLA,Market,market,buy,11,11,461.75,filled,access_key,"Oct 29, 2025, 7:57:07 AM","Oct 29, 2025, 7:57:07 AM","Oct 29, 2025, 9:00:00 AM"
PLTR,Stop @ $190.43,stop,sell,22,22,190.4066,filled,access_key,"Oct 29, 2025, 7:55:02 AM","Oct 29, 2025, 7:55:02 AM","Oct 29, 2025, 9:00:00 AM"
COIN,Stop @ $355.53,stop,sell,13,13,355.44,filled,access_key,"Oct 29, 2025, 7:53:44 AM","Oct 29, 2025, 7:53:44 AM","Oct 29, 2025, 9:00:00 AM"
COIN,Stop @ $355.92,stop,sell,14,14,355.7151,filled,access_key,"Oct 29, 2025, 7:52:24 AM","Oct 29, 2025, 7:52:24 AM","Oct 29, 2025, 9:00:00 AM"
F,Market,market,buy,266,266,13.1477,filled,access_key,"Oct 29, 2025, 7:48:55 AM","Oct 29, 2025, 7:48:55 AM","Oct 29, 2025, 9:00:00 AM"
COIN,Market,market,buy,13,13,356.245,filled,access_key,"Oct 29, 2025, 7:48:53 AM","Oct 29, 2025, 7:48:53 AM","Oct 29, 2025, 9:00:00 AM"
PLTR,Market,market,buy,22,22,190.8316,filled,access_key,"Oct 29, 2025, 7:48:50 AM","Oct 29, 2025, 7:48:50 AM","Oct 29, 2025, 9:00:00 AM"
TSLA,Market,market,buy,11,11,460.385,filled,access_key,"Oct 29, 2025, 7:48:48 AM","Oct 29, 2025, 7:48:48 AM","Oct 29, 2025, 9:00:00 AM"
TSLA,Stop @ $459.55,stop,sell,13,13,459.5562,filled,access_key,"Oct 29, 2025, 7:47:19 AM","Oct 29, 2025, 7:47:19 AM","Oct 29, 2025, 9:00:00 AM"
PLTR,Stop @ $190.54,stop,sell,24,24,190.5213,filled,access_key,"Oct 29, 2025, 7:42:32 AM","Oct 29, 2025, 7:42:32 AM","Oct 29, 2025, 9:00:00 AM"
F,Market,market,buy,298,298,13.155,filled,access_key,"Oct 29, 2025, 7:40:38 AM","Oct 29, 2025, 7:40:38 AM","Oct 29, 2025, 9:00:00 AM"
COIN,Market,market,buy,14,14,356.635,filled,access_key,"Oct 29, 2025, 7:40:36 AM","Oct 29, 2025, 7:40:36 AM","Oct 29, 2025, 9:00:00 AM"
PLTR,Market,market,buy,24,24,190.87,filled,access_key,"Oct 29, 2025, 7:40:34 AM","Oct 29, 2025, 7:40:34 AM","Oct 29, 2025, 9:00:00 AM"
TSLA,Market,market,buy,13,13,460.4471,filled,access_key,"Oct 29, 2025, 7:40:32 AM","Oct 29, 2025, 7:40:32 AM","Oct 29, 2025, 9:00:00 AM"
TSLA,Stop @ $460.94,stop,sell,10,10,460.925,filled,access_key,"Oct 29, 2025, 7:37:21 AM","Oct 29, 2025, 7:37:21 AM","Oct 29, 2025, 9:00:00 AM"
TSLA,Stop @ $461.02,stop,sell,11,11,461.0429,filled,access_key,"Oct 29, 2025, 7:36:42 AM","Oct 29, 2025, 7:36:42 AM","Oct 29, 2025, 9:00:00 AM"
COIN,Stop @ $356.92,stop,sell,12,12,356.9623,filled,access_key,"Oct 29, 2025, 7:35:24 AM","Oct 29, 2025, 7:35:24 AM","Oct 29, 2025, 9:00:00 AM"
TSLA,Stop @ $461.62,stop,sell,12,12,461.62,filled,access_key,"Oct 29, 2025, 7:32:31 AM","Oct 29, 2025, 7:32:31 AM","Oct 29, 2025, 9:00:00 AM"
F,Market,market,buy,239,239,13.157,filled,access_key,"Oct 29, 2025, 7:32:24 AM","Oct 29, 2025, 7:32:24 AM","Oct 29, 2025, 9:00:00 AM"
COIN,Market,market,buy,12,12,357.6744,filled,access_key,"Oct 29, 2025, 7:32:22 AM","Oct 29, 2025, 7:32:22 AM","Oct 29, 2025, 9:00:00 AM"
PLTR,Limit @ $191.20,limit,sell,20,20,191.2,filled,access_key,"Oct 29, 2025, 7:32:20 AM","Oct 29, 2025, 7:34:52 AM","Oct 29, 2025, 9:00:00 AM"
PLTR,Market,market,buy,20,20,190.2101,filled,access_key,"Oct 29, 2025, 7:32:20 AM","Oct 29, 2025, 7:32:20 AM","Oct 29, 2025, 9:00:00 AM"
TSLA,Market,market,buy,10,10,461.8671,filled,access_key,"Oct 29, 2025, 7:32:13 AM","Oct 29, 2025, 7:32:13 AM","Oct 29, 2025, 9:00:00 AM"
COIN,Stop @ $357.34,stop,sell,13,13,357.2816,filled,access_key,"Oct 29, 2025, 7:26:06 AM","Oct 29, 2025, 7:26:06 AM","Oct 29, 2025, 9:00:00 AM"
COIN,Stop @ $357.83,stop,sell,14,14,357.7814,filled,access_key,"Oct 29, 2025, 7:25:25 AM","Oct 29, 2025, 7:25:25 AM","Oct 29, 2025, 9:00:00 AM"
F,Market,market,buy,268,268,13.1584,filled,access_key,"Oct 29, 2025, 7:24:02 AM","Oct 29, 2025, 7:24:02 AM","Oct 29, 2025, 9:00:00 AM"
COIN,Market,market,buy,13,13,358.1077,filled,access_key,"Oct 29, 2025, 7:24:00 AM","Oct 29, 2025, 7:24:00 AM","Oct 29, 2025, 9:00:00 AM"
PLTR,Limit @ $190.94,limit,sell,22,22,190.94,filled,access_key,"Oct 29, 2025, 7:23:58 AM","Oct 29, 2025, 7:33:58 AM","Oct 29, 2025, 9:00:00 AM"
PLTR,Market,market,buy,22,22,190.0102,filled,access_key,"Oct 29, 2025, 7:23:58 AM","Oct 29, 2025, 7:23:58 AM","Oct 29, 2025, 9:00:00 AM"
TSLA,Market,market,buy,11,11,462.4004,filled,access_key,"Oct 29, 2025, 7:23:56 AM","Oct 29, 2025, 7:23:56 AM","Oct 29, 2025, 9:00:00 AM"
F,Market,market,buy,293,293,13.1484,filled,access_key,"Oct 29, 2025, 7:15:41 AM","Oct 29, 2025, 7:15:41 AM","Oct 29, 2025, 9:00:00 AM"
COIN,Market,market,buy,14,14,358.47,filled,access_key,"Oct 29, 2025, 7:15:39 AM","Oct 29, 2025, 7:15:39 AM","Oct 29, 2025, 9:00:00 AM"
PLTR,Limit @ $190.79,limit,sell,24,24,190.79,filled,access_key,"Oct 29, 2025, 7:15:37 AM","Oct 29, 2025, 7:33:53 AM","Oct 29, 2025, 9:00:00 AM"
PLTR,Market,market,buy,24,24,189.8899,filled,access_key,"Oct 29, 2025, 7:15:37 AM","Oct 29, 2025, 7:15:37 AM","Oct 29, 2025, 9:00:00 AM"
TSLA,Market,market,buy,12,12,462.5486,filled,access_key,"Oct 29, 2025, 7:15:33 AM","Oct 29, 2025, 7:15:33 AM","Oct 29, 2025, 9:00:00 AM"
F,Stop @ $13.13,stop,sell,310,310,13.1301,filled,access_key,"Oct 29, 2025, 7:08:03 AM","Oct 29, 2025, 7:08:03 AM","Oct 29, 2025, 9:00:00 AM"
F,Market,market,buy,320,320,13.1473,filled,access_key,"Oct 29, 2025, 7:07:40 AM","Oct 29, 2025, 7:07:40 AM","Oct 29, 2025, 9:00:00 AM"
COIN,Limit @ $359.05,limit,sell,16,16,359.05,filled,access_key,"Oct 29, 2025, 7:07:38 AM","Oct 29, 2025, 7:16:28 AM","Oct 29, 2025, 9:00:00 AM"
COIN,Market,market,buy,16,16,357.3013,filled,access_key,"Oct 29, 2025, 7:07:38 AM","Oct 29, 2025, 7:07:38 AM","Oct 29, 2025, 9:00:00 AM"
PLTR,Limit @ $189.87,limit,sell,27,27,189.87,filled,access_key,"Oct 29, 2025, 7:07:36 AM","Oct 29, 2025, 7:15:09 AM","Oct 29, 2025, 9:00:00 AM"
PLTR,Market,market,buy,27,27,188.9369,filled,access_key,"Oct 29, 2025, 7:07:36 AM","Oct 29, 2025, 7:07:36 AM","Oct 29, 2025, 9:00:00 AM"
TSLA,Limit @ $463.61,limit,sell,14,14,463.61,filled,access_key,"Oct 29, 2025, 7:07:34 AM","Oct 29, 2025, 7:18:37 AM","Oct 29, 2025, 9:00:00 AM"
TSLA,Market,market,buy,14,14,461.29,filled,access_key,"Oct 29, 2025, 7:07:34 AM","Oct 29, 2025, 7:07:34 AM","Oct 29, 2025, 9:00:00 AM"
COIN,Stop @ $356.89,stop,sell,17,17,356.8676,filled,access_key,"Oct 29, 2025, 7:02:01 AM","Oct 29, 2025, 7:02:01 AM","Oct 29, 2025, 9:00:00 AM"
COIN,Stop @ $356.98,stop,sell,14,14,356.8052,filled,access_key,"Oct 29, 2025, 7:02:01 AM","Oct 29, 2025, 7:02:01 AM","Oct 29, 2025, 9:00:00 AM"
COIN,Stop @ $357.11,stop,sell,13,13,357.0493,filled,access_key,"Oct 29, 2025, 7:01:33 AM","Oct 29, 2025, 7:01:34 AM","Oct 29, 2025, 9:00:00 AM"
COIN,Stop @ $357.17,stop,sell,15,15,357.02,filled,access_key,"Oct 29, 2025, 7:01:33 AM","Oct 29, 2025, 7:01:34 AM","Oct 29, 2025, 9:00:00 AM"
PLTR,Stop @ $188.69,stop,sell,23,23,188.66,filled,access_key,"Oct 29, 2025, 7:00:50 AM","Oct 29, 2025, 7:00:50 AM","Oct 29, 2025, 9:00:00 AM"
TSLA,Stop @ $459.88,stop,sell,12,12,459.8851,filled,access_key,"Oct 29, 2025, 7:00:28 AM","Oct 29, 2025, 7:00:28 AM","Oct 29, 2025, 9:00:00 AM"
F,Market,market,buy,277,277,13.145,filled,access_key,"Oct 29, 2025, 6:59:48 AM","Oct 29, 2025, 6:59:48 AM","Oct 29, 2025, 9:00:00 AM"
COIN,Market,market,buy,13,13,357.6874,filled,access_key,"Oct 29, 2025, 6:59:46 AM","Oct 29, 2025, 6:59:46 AM","Oct 29, 2025, 9:00:00 AM"
PLTR,Market,market,buy,23,23,189.09,filled,access_key,"Oct 29, 2025, 6:59:44 AM","Oct 29, 2025, 6:59:44 AM","Oct 29, 2025, 9:00:00 AM"
TSLA,Market,market,buy,12,12,460.76,filled,access_key,"Oct 29, 2025, 6:59:42 AM","Oct 29, 2025, 6:59:42 AM","Oct 29, 2025, 9:00:00 AM"
PLTR,Stop @ $188.71,stop,sell,26,26,188.6931,filled,access_key,"Oct 29, 2025, 6:56:56 AM","Oct 29, 2025, 6:56:56 AM","Oct 29, 2025, 9:00:00 AM"
TSLA,Stop @ $461.91,stop,sell,13,13,461.8769,filled,access_key,"Oct 29, 2025, 6:53:40 AM","Oct 29, 2025, 6:53:40 AM","Oct 29, 2025, 9:00:00 AM"
F,Market,market,buy,310,310,13.155,filled,access_key,"Oct 29, 2025, 6:51:56 AM","Oct 29, 2025, 6:51:56 AM","Oct 29, 2025, 9:00:00 AM"
COIN,Market,market,buy,15,15,358.095,filled,access_key,"Oct 29, 2025, 6:51:54 AM","Oct 29, 2025, 6:51:54 AM","Oct 29, 2025, 9:00:00 AM"
PLTR,Market,market,buy,26,26,189.0868,filled,access_key,"Oct 29, 2025, 6:51:52 AM","Oct 29, 2025, 6:51:52 AM","Oct 29, 2025, 9:00:00 AM"
TSLA,Market,market,buy,13,13,462.91,filled,access_key,"Oct 29, 2025, 6:51:50 AM","Oct 29, 2025, 6:51:50 AM","Oct 29, 2025, 9:00:00 AM"
COIN,Stop @ $357.41,stop,sell,11,11,357.375,filled,access_key,"Oct 29, 2025, 6:46:49 AM","Oct 29, 2025, 6:46:49 AM","Oct 29, 2025, 9:00:00 AM"
F,Stop @ $13.12,stop,sell,240,240,13.125,filled,access_key,"Oct 29, 2025, 6:46:20 AM","Oct 29, 2025, 6:46:20 AM","Oct 29, 2025, 9:00:00 AM"
F,Stop @ $13.13,stop,sell,291,291,13.1316,filled,access_key,"Oct 29, 2025, 6:45:57 AM","Oct 29, 2025, 6:45:57 AM","Oct 29, 2025, 9:00:00 AM"
TSLA,Stop @ $462.64,stop,sell,16,16,462.564,filled,access_key,"Oct 29, 2025, 6:45:39 AM","Oct 29, 2025, 6:45:39 AM","Oct 29, 2025, 9:00:00 AM"
TSLA,Stop @ $462.79,stop,sell,10,10,462.4241,filled,access_key,"Oct 29, 2025, 6:45:39 AM","Oct 29, 2025, 6:45:39 AM","Oct 29, 2025, 9:00:00 AM"
TSLA,Stop @ $462.98,stop,sell,15,15,462.9249,filled,access_key,"Oct 29, 2025, 6:45:39 AM","Oct 29, 2025, 6:45:39 AM","Oct 29, 2025, 9:00:00 AM"
TSLA,Stop @ $463.33,stop,sell,12,12,462.95,filled,access_key,"Oct 29, 2025, 6:45:39 AM","Oct 29, 2025, 6:45:39 AM","Oct 29, 2025, 9:00:00 AM"
F,Market,market,buy,240,240,13.148,filled,access_key,"Oct 29, 2025, 6:44:04 AM","Oct 29, 2025, 6:44:04 AM","Oct 29, 2025, 9:00:00 AM"
COIN,Market,market,buy,11,11,358.13,filled,access_key,"Oct 29, 2025, 6:44:02 AM","Oct 29, 2025, 6:44:02 AM","Oct 29, 2025, 9:00:00 AM"
PLTR,Limit @ $189.30,limit,sell,20,20,189.3,filled,access_key,"Oct 29, 2025, 6:44:00 AM","Oct 29, 2025, 7:13:27 AM","Oct 29, 2025, 9:00:00 AM"
PLTR,Market,market,buy,20,20,188.3368,filled,access_key,"Oct 29, 2025, 6:44:00 AM","Oct 29, 2025, 6:44:00 AM","Oct 29, 2025, 9:00:00 AM"
TSLA,Market,market,buy,10,10,463.7054,filled,access_key,"Oct 29, 2025, 6:43:58 AM","Oct 29, 2025, 6:43:58 AM","Oct 29, 2025, 9:00:00 AM"
F,Market,market,buy,291,291,13.1584,filled,access_key,"Oct 29, 2025, 6:36:18 AM","Oct 29, 2025, 6:36:18 AM","Oct 29, 2025, 9:00:00 AM"
COIN,Market,market,buy,14,14,357.794,filled,access_key,"Oct 29, 2025, 6:36:16 AM","Oct 29, 2025, 6:36:16 AM","Oct 29, 2025, 9:00:00 AM"
PLTR,Limit @ $189.20,limit,sell,24,24,189.2,filled,access_key,"Oct 29, 2025, 6:36:14 AM","Oct 29, 2025, 6:37:52 AM","Oct 29, 2025, 9:00:00 AM"
PLTR,Market,market,buy,24,24,188.2723,filled,access_key,"Oct 29, 2025, 6:36:14 AM","Oct 29, 2025, 6:36:14 AM","Oct 29, 2025, 9:00:00 AM"
TSLA,Market,market,buy,12,12,464.2771,filled,access_key,"Oct 29, 2025, 6:36:12 AM","Oct 29, 2025, 6:36:12 AM","Oct 29, 2025, 9:00:00 AM"
F,Market,market,buy,352,352,13.145,filled,access_key,"Oct 29, 2025, 6:28:41 AM","Oct 29, 2025, 6:28:41 AM","Oct 29, 2025, 9:00:00 AM"
COIN,Market,market,buy,17,17,357.6119,filled,access_key,"Oct 29, 2025, 6:28:39 AM","Oct 29, 2025, 6:28:39 AM","Oct 29, 2025, 9:00:00 AM"
PLTR,Limit @ $188.29,limit,sell,30,30,188.29,filled,access_key,"Oct 29, 2025, 6:28:37 AM","Oct 29, 2025, 6:34:53 AM","Oct 29, 2025, 9:00:00 AM"
PLTR,Market,market,buy,30,30,187.3385,filled,access_key,"Oct 29, 2025, 6:28:37 AM","Oct 29, 2025, 6:28:37 AM","Oct 29, 2025, 9:00:00 AM"
TSLA,Market,market,buy,15,15,463.949,filled,access_key,"Oct 29, 2025, 6:28:35 AM","Oct 29, 2025, 6:28:35 AM","Oct 29, 2025, 9:00:00 AM"
F,Stop @ $13.14,stop,sell,366,366,13.1423,filled,access_key,"Oct 29, 2025, 6:27:22 AM","Oct 29, 2025, 6:27:22 AM","Oct 29, 2025, 9:00:00 AM"
F,Stop @ $13.14,stop,sell,239,239,13.1403,filled,access_key,"Oct 29, 2025, 6:27:22 AM","Oct 29, 2025, 6:27:22 AM","Oct 29, 2025, 9:00:00 AM"
COIN,Stop @ $357.78,stop,sell,18,18,357.7472,filled,access_key,"Oct 29, 2025, 6:25:39 AM","Oct 29, 2025, 6:25:39 AM","Oct 29, 2025, 9:00:00 AM"
PLTR,Stop @ $186.86,stop,sell,31,31,186.9099,filled,access_key,"Oct 29, 2025, 6:24:16 AM","Oct 29, 2025, 6:24:16 AM","Oct 29, 2025, 9:00:00 AM"
F,Market,market,buy,366,366,13.1652,filled,access_key,"Oct 29, 2025, 6:20:55 AM","Oct 29, 2025, 6:20:55 AM","Oct 29, 2025, 9:00:00 AM"
COIN,Market,market,buy,18,18,358.495,filled,access_key,"Oct 29, 2025, 6:20:53 AM","Oct 29, 2025, 6:20:53 AM","Oct 29, 2025, 9:00:00 AM"
PLTR,Market,market,buy,31,31,187.2568,filled,access_key,"Oct 29, 2025, 6:20:51 AM","Oct 29, 2025, 6:20:51 AM","Oct 29, 2025, 9:00:00 AM"
TSLA,Market,market,buy,16,16,463.556,filled,access_key,"Oct 29, 2025, 6:20:49 AM","Oct 29, 2025, 6:20:49 AM","Oct 29, 2025, 9:00:00 AM"
PLTR,Stop @ $187.68,stop,sell,20,20,187.6766,filled,access_key,"Oct 29, 2025, 6:19:12 AM","Oct 29, 2025, 6:19:12 AM","Oct 29, 2025, 9:00:00 AM"
F,Stop @ $13.15,stop,sell,245,245,13.1524,filled,access_key,"Oct 29, 2025, 6:19:02 AM","Oct 29, 2025, 6:19:02 AM","Oct 29, 2025, 9:00:00 AM"
F,Stop @ $13.16,stop,sell,305,305,13.1622,filled,access_key,"Oct 29, 2025, 6:18:59 AM","Oct 29, 2025, 6:18:59 AM","Oct 29, 2025, 9:00:00 AM"
TSLA,Stop @ $463.54,stop,sell,12,12,463.5255,filled,access_key,"Oct 29, 2025, 6:15:50 AM","Oct 29, 2025, 6:15:50 AM","Oct 29, 2025, 9:00:00 AM"
COIN,Stop @ $359.37,stop,sell,15,15,359.1134,filled,access_key,"Oct 29, 2025, 6:15:11 AM","Oct 29, 2025, 6:15:11 AM","Oct 29, 2025, 9:00:00 AM"
PLTR,Stop @ $187.84,stop,sell,26,26,187.8426,filled,access_key,"Oct 29, 2025, 6:15:09 AM","Oct 29, 2025, 6:15:09 AM","Oct 29, 2025, 9:00:00 AM"
TSLA,Stop @ $464.38,stop,sell,10,10,464.3866,filled,access_key,"Oct 29, 2025, 6:14:27 AM","Oct 29, 2025, 6:14:27 AM","Oct 29, 2025, 9:00:00 AM"
TSLA,Stop @ $464.38,stop,sell,13,13,464.3702,filled,access_key,"Oct 29, 2025, 6:14:27 AM","Oct 29, 2025, 6:14:27 AM","Oct 29, 2025, 9:00:00 AM"
F,Market,market,buy,305,305,13.1879,filled,access_key,"Oct 29, 2025, 6:13:08 AM","Oct 29, 2025, 6:13:08 AM","Oct 29, 2025, 9:00:00 AM"
COIN,Market,market,buy,15,15,360.1494,filled,access_key,"Oct 29, 2025, 6:13:06 AM","Oct 29, 2025, 6:13:06 AM","Oct 29, 2025, 9:00:00 AM"
PLTR,Market,market,buy,26,26,188.2442,filled,access_key,"Oct 29, 2025, 6:13:04 AM","Oct 29, 2025, 6:13:04 AM","Oct 29, 2025, 9:00:00 AM"
TSLA,Market,market,buy,13,13,465.3,filled,access_key,"Oct 29, 2025, 6:13:02 AM","Oct 29, 2025, 6:13:02 AM","Oct 29, 2025, 9:00:00 AM"
TSLA,Stop @ $464.61,stop,sell,13,13,464.6265,filled,access_key,"Oct 29, 2025, 6:12:29 AM","Oct 29, 2025, 6:12:29 AM","Oct 29, 2025, 9:00:00 AM"
TSLA,Stop @ $464.92,stop,sell,10,10,464.8826,filled,access_key,"Oct 29, 2025, 6:11:57 AM","Oct 29, 2025, 6:11:57 AM","Oct 29, 2025, 9:00:00 AM"
PLTR,Stop @ $187.74,stop,sell,25,25,187.7309,filled,access_key,"Oct 29, 2025, 6:10:16 AM","Oct 29, 2025, 6:10:16 AM","Oct 29, 2025, 9:00:00 AM"
COIN,Stop @ $358.60,stop,sell,13,13,358.5929,filled,access_key,"Oct 29, 2025, 6:10:16 AM","Oct 29, 2025, 6:10:16 AM","Oct 29, 2025, 9:00:00 AM"
COIN,Stop @ $358.67,stop,sell,14,14,358.55,filled,access_key,"Oct 29, 2025, 6:10:16 AM","Oct 29, 2025, 6:10:16 AM","Oct 29, 2025, 9:00:00 AM"
COIN,Stop @ $358.70,stop,sell,11,11,358.6738,filled,access_key,"Oct 29, 2025, 6:10:16 AM","Oct 29, 2025, 6:10:16 AM","Oct 29, 2025, 9:00:00 AM"
COIN,Stop @ $359.05,stop,sell,12,12,359.175,filled,access_key,"Oct 29, 2025, 6:09:32 AM","Oct 29, 2025, 6:09:32 AM","Oct 29, 2025, 9:00:00 AM"
F,Market,market,buy,245,245,13.1788,filled,access_key,"Oct 29, 2025, 6:05:18 AM","Oct 29, 2025, 6:05:18 AM","Oct 29, 2025, 9:00:00 AM"
COIN,Market,market,buy,12,12,359.79,filled,access_key,"Oct 29, 2025, 6:05:16 AM","Oct 29, 2025, 6:05:16 AM","Oct 29, 2025, 9:00:00 AM"
PLTR,Market,market,buy,20,20,188.0901,filled,access_key,"Oct 29, 2025, 6:05:14 AM","Oct 29, 2025, 6:05:14 AM","Oct 29, 2025, 9:00:00 AM"
TSLA,Market,market,buy,10,10,465.3402,filled,access_key,"Oct 29, 2025, 6:05:12 AM","Oct 29, 2025, 6:05:12 AM","Oct 29, 2025, 9:00:00 AM"
F,Stop @ $13.17,stop,sell,300,300,13.1739,filled,access_key,"Oct 29, 2025, 6:04:47 AM","Oct 29, 2025, 6:04:47 AM","Oct 29, 2025, 9:00:00 AM"
F,Market,market,buy,300,300,13.1982,filled,access_key,"Oct 29, 2025, 5:57:34 AM","Oct 29, 2025, 5:57:34 AM","Oct 29, 2025, 9:00:00 AM"
COIN,Market,market,buy,14,14,359.39,filled,access_key,"Oct 29, 2025, 5:57:32 AM","Oct 29, 2025, 5:57:32 AM","Oct 29, 2025, 9:00:00 AM"
PLTR,Market,market,buy,25,25,188.1423,filled,access_key,"Oct 29, 2025, 5:57:31 AM","Oct 29, 2025, 5:57:31 AM","Oct 29, 2025, 9:00:00 AM"
TSLA,Market,market,buy,13,13,465.5736,filled,access_key,"Oct 29, 2025, 5:57:29 AM","Oct 29, 2025, 5:57:29 AM","Oct 29, 2025, 9:00:00 AM"
PLTR,Stop @ $188.08,stop,sell,14,14,188.1032,filled,access_key,"Oct 29, 2025, 5:55:09 AM","Oct 29, 2025, 5:55:09 AM","Oct 29, 2025, 9:00:00 AM"
PLTR,Stop @ $188.08,stop,sell,18,18,188.1032,filled,access_key,"Oct 29, 2025, 5:55:09 AM","Oct 29, 2025, 5:55:09 AM","Oct 29, 2025, 9:00:00 AM"
PLTR,Stop @ $188.09,stop,sell,19,19,188.1252,filled,access_key,"Oct 29, 2025, 5:55:06 AM","Oct 29, 2025, 5:55:06 AM","Oct 29, 2025, 9:00:00 AM"
PLTR,Stop @ $188.13,stop,sell,10,10,188.1077,filled,access_key,"Oct 29, 2025, 5:55:06 AM","Oct 29, 2025, 5:55:06 AM","Oct 29, 2025, 9:00:00 AM"
PLTR,Stop @ $188.15,stop,sell,18,18,188.1566,filled,access_key,"Oct 29, 2025, 5:55:05 AM","Oct 29, 2025, 5:55:05 AM","Oct 29, 2025, 9:00:00 AM"
PLTR,Stop @ $188.31,stop,sell,11,11,188.28,filled,access_key,"Oct 29, 2025, 5:52:57 AM","Oct 29, 2025, 5:52:57 AM","Oct 29, 2025, 9:00:00 AM"
PLTR,Stop @ $188.34,stop,sell,12,12,188.31,filled,access_key,"Oct 29, 2025, 5:52:57 AM","Oct 29, 2025, 5:52:57 AM","Oct 29, 2025, 9:00:00 AM"
PLTR,Stop @ $188.36,stop,sell,23,23,188.3333,filled,access_key,"Oct 29, 2025, 5:52:56 AM","Oct 29, 2025, 5:52:56 AM","Oct 29, 2025, 9:00:00 AM"
PLTR,Stop @ $188.45,stop,sell,20,20,188.44,filled,access_key,"Oct 29, 2025, 5:50:00 AM","Oct 29, 2025, 5:50:00 AM","Oct 29, 2025, 9:00:00 AM"
F,Market,market,buy,239,239,13.1698,filled,access_key,"Oct 29, 2025, 5:49:55 AM","Oct 29, 2025, 5:49:55 AM","Oct 29, 2025, 9:00:00 AM"
COIN,Market,market,buy,11,11,359.51,filled,access_key,"Oct 29, 2025, 5:49:53 AM","Oct 29, 2025, 5:49:53 AM","Oct 29, 2025, 9:00:00 AM"
PLTR,Market,market,buy,20,20,188.8192,filled,access_key,"Oct 29, 2025, 5:49:45 AM","Oct 29, 2025, 5:49:45 AM","Oct 29, 2025, 9:00:00 AM"
TSLA,Market,market,buy,10,10,465.8015,filled,access_key,"Oct 29, 2025, 5:49:43 AM","Oct 29, 2025, 5:49:43 AM","Oct 29, 2025, 9:00:00 AM"
F,Limit @ $13.18,limit,sell,277,277,13.18,filled,access_key,"Oct 29, 2025, 5:42:16 AM","Oct 29, 2025, 5:52:02 AM","Oct 29, 2025, 9:00:00 AM"
F,Market,market,buy,277,277,13.1187,filled,access_key,"Oct 29, 2025, 5:42:16 AM","Oct 29, 2025, 5:42:16 AM","Oct 29, 2025, 9:00:00 AM"
COIN,Market,market,buy,13,13,359.3702,filled,access_key,"Oct 29, 2025, 5:42:14 AM","Oct 29, 2025, 5:42:14 AM","Oct 29, 2025, 9:00:00 AM"
PLTR,Market,market,buy,23,23,188.7801,filled,access_key,"Oct 29, 2025, 5:42:12 AM","Oct 29, 2025, 5:42:12 AM","Oct 29, 2025, 9:00:00 AM"
TSLA,Market,market,buy,12,12,464.5271,filled,access_key,"Oct 29, 2025, 5:42:10 AM","Oct 29, 2025, 5:42:10 AM","Oct 29, 2025, 9:00:00 AM"
PLTR,Stop @ $188.54,stop,sell,13,13,188.51,filled,access_key,"Oct 29, 2025, 5:40:15 AM","Oct 29, 2025, 5:40:15 AM","Oct 29, 2025, 9:00:00 AM"
PLTR,Stop @ $188.69,stop,sell,20,20,188.684,filled,access_key,"Oct 29, 2025, 5:40:00 AM","Oct 29, 2025, 5:40:00 AM","Oct 29, 2025, 9:00:00 AM"
F,Stop @ $13.11,stop,sell,243,243,13.1116,filled,access_key,"Oct 29, 2025, 5:39:00 AM","Oct 29, 2025, 5:39:00 AM","Oct 29, 2025, 9:00:00 AM"
TSLA,Stop @ $464.31,stop,sell,6,6,464.3133,filled,access_key,"Oct 29, 2025, 5:38:10 AM","Oct 29, 2025, 5:38:10 AM","Oct 29, 2025, 9:00:00 AM"
TSLA,Stop @ $464.46,stop,sell,9,9,464.4502,filled,access_key,"Oct 29, 2025, 5:37:33 AM","Oct 29, 2025, 5:37:33 AM","Oct 29, 2025, 9:00:00 AM"
TSLA,Stop @ $464.83,stop,sell,10,10,464.7827,filled,access_key,"Oct 29, 2025, 5:37:16 AM","Oct 29, 2025, 5:37:16 AM","Oct 29, 2025, 9:00:00 AM"
COIN,Stop @ $359.78,stop,sell,12,12,359.7068,filled,access_key,"Oct 29, 2025, 5:35:58 AM","Oct 29, 2025, 5:35:58 AM","Oct 29, 2025, 9:00:00 AM"
F,Market,market,buy,243,243,13.1384,filled,access_key,"Oct 29, 2025, 5:34:40 AM","Oct 29, 2025, 5:34:40 AM","Oct 29, 2025, 9:00:00 AM"
COIN,Market,market,buy,12,12,360.3597,filled,access_key,"Oct 29, 2025, 5:34:38 AM","Oct 29, 2025, 5:34:38 AM","Oct 29, 2025, 9:00:00 AM"
PLTR,Market,market,buy,20,20,189.08,filled,access_key,"Oct 29, 2025, 5:34:36 AM","Oct 29, 2025, 5:34:36 AM","Oct 29, 2025, 9:00:00 AM"
TSLA,Market,market,buy,10,10,465.7973,filled,access_key,"Oct 29, 2025, 5:34:34 AM","Oct 29, 2025, 5:34:34 AM","Oct 29, 2025, 9:00:00 AM"
TSLA,Stop @ $464.87,stop,sell,6,6,464.8128,filled,access_key,"Oct 29, 2025, 5:31:59 AM","Oct 29, 2025, 5:31:59 AM","Oct 29, 2025, 9:00:00 AM"
COIN,Stop @ $359.65,stop,sell,7,7,359.7102,filled,access_key,"Oct 29, 2025, 5:30:43 AM","Oct 29, 2025, 5:30:43 AM","Oct 29, 2025, 9:00:00 AM"
F,Limit @ $13.18,limit,sell,155,155,13.18,filled,access_key,"Oct 29, 2025, 5:26:59 AM","Oct 29, 2025, 5:52:02 AM","Oct 29, 2025, 9:00:00 AM"
F,Market,market,buy,155,155,13.1064,filled,access_key,"Oct 29, 2025, 5:26:59 AM","Oct 29, 2025, 5:26:59 AM","Oct 29, 2025, 9:00:00 AM"
COIN,Market,market,buy,7,7,360.4431,filled,access_key,"Oct 29, 2025, 5:26:57 AM","Oct 29, 2025, 5:26:57 AM","Oct 29, 2025, 9:00:00 AM"
PLTR,Market,market,buy,13,13,188.9222,filled,access_key,"Oct 29, 2025, 5:26:55 AM","Oct 29, 2025, 5:26:55 AM","Oct 29, 2025, 9:00:00 AM"
TSLA,Market,market,buy,6,6,465.8019,filled,access_key,"Oct 29, 2025, 5:26:53 AM","Oct 29, 2025, 5:26:53 AM","Oct 29, 2025, 9:00:00 AM"
COIN,Stop @ $359.19,stop,sell,8,8,359.2002,filled,access_key,"Oct 29, 2025, 5:20:51 AM","Oct 29, 2025, 5:20:51 AM","Oct 29, 2025, 9:00:00 AM"
F,Stop @ $13.09,stop,sell,138,138,13.094,filled,access_key,"Oct 29, 2025, 5:19:57 AM","Oct 29, 2025, 5:19:57 AM","Oct 29, 2025, 9:00:00 AM"
TSLA,Stop @ $464.82,stop,sell,6,6,464.8233,filled,access_key,"Oct 29, 2025, 5:19:22 AM","Oct 29, 2025, 5:19:22 AM","Oct 29, 2025, 9:00:00 AM"
F,Market,market,buy,138,138,13.1176,filled,access_key,"Oct 29, 2025, 5:18:49 AM","Oct 29, 2025, 5:18:49 AM","Oct 29, 2025, 9:00:00 AM"
COIN,Limit @ $361.19,limit,sell,6,6,361.19,filled,access_key,"Oct 29, 2025, 5:18:47 AM","Oct 29, 2025, 5:30:47 AM","Oct 29, 2025, 9:00:00 AM"
COIN,Market,market,buy,6,6,359.365,filled,access_key,"Oct 29, 2025, 5:18:47 AM","Oct 29, 2025, 5:18:47 AM","Oct 29, 2025, 9:00:00 AM"
PLTR,Market,market,buy,11,11,188.6652,filled,access_key,"Oct 29, 2025, 5:18:45 AM","Oct 29, 2025, 5:18:45 AM","Oct 29, 2025, 9:00:00 AM"
TSLA,Market,market,buy,6,6,465.1767,filled,access_key,"Oct 29, 2025, 5:18:43 AM","Oct 29, 2025, 5:18:43 AM","Oct 29, 2025, 9:00:00 AM"
COIN,Stop @ $360.41,stop,sell,7,7,360.3706,filled,access_key,"Oct 29, 2025, 5:15:36 AM","Oct 29, 2025, 5:15:36 AM","Oct 29, 2025, 9:00:00 AM"
TSLA,Stop @ $465.07,stop,sell,7,7,465.08,filled,access_key,"Oct 29, 2025, 5:11:56 AM","Oct 29, 2025, 5:11:56 AM","Oct 29, 2025, 9:00:00 AM"
F,Limit @ $13.16,limit,sell,152,152,13.16,filled,access_key,"Oct 29, 2025, 5:11:10 AM","Oct 29, 2025, 5:47:58 AM","Oct 29, 2025, 9:00:00 AM"
F,Market,market,buy,152,152,13.0953,filled,access_key,"Oct 29, 2025, 5:11:10 AM","Oct 29, 2025, 5:11:10 AM","Oct 29, 2025, 9:00:00 AM"
COIN,Market,market,buy,7,7,360.8,filled,access_key,"Oct 29, 2025, 5:11:08 AM","Oct 29, 2025, 5:11:08 AM","Oct 29, 2025, 9:00:00 AM"
PLTR,Market,market,buy,12,12,188.8367,filled,access_key,"Oct 29, 2025, 5:11:06 AM","Oct 29, 2025, 5:11:06 AM","Oct 29, 2025, 9:00:00 AM"
TSLA,Market,market,buy,6,6,465.7865,filled,access_key,"Oct 29, 2025, 5:11:04 AM","Oct 29, 2025, 5:11:04 AM","Oct 29, 2025, 9:00:00 AM"
F,Stop @ $13.09,stop,sell,223,223,13.0916,filled,access_key,"Oct 29, 2025, 5:10:27 AM","Oct 29, 2025, 5:10:27 AM","Oct 29, 2025, 9:00:00 AM"
F,Stop @ $13.09,stop,sell,172,172,13.093,filled,access_key,"Oct 29, 2025, 5:10:27 AM","Oct 29, 2025, 5:10:27 AM","Oct 29, 2025, 9:00:00 AM"
F,Market,market,buy,172,172,13.1153,filled,access_key,"Oct 29, 2025, 5:03:34 AM","Oct 29, 2025, 5:03:34 AM","Oct 29, 2025, 9:00:00 AM"
COIN,Market,market,buy,8,8,359.9325,filled,access_key,"Oct 29, 2025, 5:03:32 AM","Oct 29, 2025, 5:03:32 AM","Oct 29, 2025, 9:00:00 AM"
PLTR,Market,market,buy,14,14,188.4399,filled,access_key,"Oct 29, 2025, 5:03:30 AM","Oct 29, 2025, 5:03:30 AM","Oct 29, 2025, 9:00:00 AM"
TSLA,Market,market,buy,7,7,466.03,filled,access_key,"Oct 29, 2025, 5:03:28 AM","Oct 29, 2025, 5:03:28 AM","Oct 29, 2025, 9:00:00 AM"
F,Market,market,buy,223,223,13.1284,filled,access_key,"Oct 29, 2025, 4:55:57 AM","Oct 29, 2025, 4:55:57 AM","Oct 29, 2025, 9:00:00 AM"
COIN,Limit @ $361.56,limit,sell,11,11,361.56,filled,access_key,"Oct 29, 2025, 4:55:55 AM","Oct 29, 2025, 5:30:51 AM","Oct 29, 2025, 9:00:00 AM"
COIN,Market,market,buy,11,11,359.8659,filled,access_key,"Oct 29, 2025, 4:55:55 AM","Oct 29, 2025, 4:55:55 AM","Oct 29, 2025, 9:00:00 AM"
PLTR,Market,market,buy,19,19,188.4487,filled,access_key,"Oct 29, 2025, 4:55:53 AM","Oct 29, 2025, 4:55:53 AM","Oct 29, 2025, 9:00:00 AM"
TSLA,Market,market,buy,9,9,465.3,filled,access_key,"Oct 29, 2025, 4:55:51 AM","Oct 29, 2025, 4:55:51 AM","Oct 29, 2025, 9:00:00 AM"
COIN,Stop @ $359.36,stop,sell,10,10,359.5481,filled,access_key,"Oct 29, 2025, 4:55:24 AM","Oct 29, 2025, 4:55:24 AM","Oct 29, 2025, 9:00:00 AM"
TSLA,Stop @ $464.65,stop,sell,9,9,464.615,filled,access_key,"Oct 29, 2025, 4:52:01 AM","Oct 29, 2025, 4:52:01 AM","Oct 29, 2025, 9:00:00 AM"
F,Limit @ $13.17,limit,sell,215,215,13.17,filled,access_key,"Oct 29, 2025, 4:48:19 AM","Oct 29, 2025, 5:48:27 AM","Oct 29, 2025, 9:00:00 AM"
F,Market,market,buy,215,215,13.1072,filled,access_key,"Oct 29, 2025, 4:48:19 AM","Oct 29, 2025, 4:48:19 AM","Oct 29, 2025, 9:00:00 AM"
COIN,Market,market,buy,10,10,360.1519,filled,access_key,"Oct 29, 2025, 4:48:17 AM","Oct 29, 2025, 4:48:17 AM","Oct 29, 2025, 9:00:00 AM"
PLTR,Market,market,buy,18,18,188.5098,filled,access_key,"Oct 29, 2025, 4:48:15 AM","Oct 29, 2025, 4:48:15 AM","Oct 29, 2025, 9:00:00 AM"
TSLA,Market,market,buy,9,9,465.67,filled,access_key,"Oct 29, 2025, 4:48:13 AM","Oct 29, 2025, 4:48:13 AM","Oct 29, 2025, 9:00:00 AM"
META,Stop @ $751.14,stop,sell,5,5,751.0535,filled,access_key,"Oct 29, 2025, 4:45:23 AM","Oct 29, 2025, 4:45:23 AM","Oct 29, 2025, 9:00:00 AM"
META,Stop @ $751.31,stop,sell,4,4,751.36,filled,access_key,"Oct 29, 2025, 4:45:08 AM","Oct 29, 2025, 4:45:08 AM","Oct 29, 2025, 9:00:00 AM"
META,Stop @ $751.44,stop,sell,3,3,751.523,filled,access_key,"Oct 29, 2025, 4:45:01 AM","Oct 29, 2025, 4:45:01 AM","Oct 29, 2025, 9:00:00 AM"
COIN,Stop @ $359.28,stop,sell,7,7,359.211429,filled,access_key,"Oct 29, 2025, 4:40:51 AM","Oct 29, 2025, 4:40:51 AM","Oct 29, 2025, 9:00:00 AM"
F,Limit @ $13.17,limit,sell,215,215,13.17,filled,access_key,"Oct 29, 2025, 4:40:37 AM","Oct 29, 2025, 5:48:27 AM","Oct 29, 2025, 9:00:00 AM"
F,Market,market,buy,215,215,13.1056,filled,access_key,"Oct 29, 2025, 4:40:37 AM","Oct 29, 2025, 4:40:37 AM","Oct 29, 2025, 9:00:00 AM"
COIN,Limit @ $361.35,limit,sell,10,10,361.35,filled,access_key,"Oct 29, 2025, 4:40:35 AM","Oct 29, 2025, 5:30:47 AM","Oct 29, 2025, 9:00:00 AM"
COIN,Market,market,buy,10,10,359.8215,filled,access_key,"Oct 29, 2025, 4:40:35 AM","Oct 29, 2025, 4:40:35 AM","Oct 29, 2025, 9:00:00 AM"
PLTR,Market,market,buy,18,18,188.4231,filled,access_key,"Oct 29, 2025, 4:40:33 AM","Oct 29, 2025, 4:40:33 AM","Oct 29, 2025, 9:00:00 AM"
TSLA,Limit @ $465.96,limit,sell,9,9,465.96,filled,access_key,"Oct 29, 2025, 4:40:31 AM","Oct 29, 2025, 4:54:01 AM","Oct 29, 2025, 9:00:00 AM"
TSLA,Market,market,buy,9,9,463.51,filled,access_key,"Oct 29, 2025, 4:40:31 AM","Oct 29, 2025, 4:40:31 AM","Oct 29, 2025, 9:00:00 AM"
F,Stop @ $13.13,stop,sell,224,224,13.1211,filled,access_key,"Oct 29, 2025, 4:39:30 AM","Oct 29, 2025, 4:39:30 AM","Oct 29, 2025, 9:00:00 AM"
F,Stop @ $13.14,stop,sell,196,196,13.1201,filled,access_key,"Oct 29, 2025, 4:39:30 AM","Oct 29, 2025, 4:39:30 AM","Oct 29, 2025, 9:00:00 AM"
F,Stop @ $13.14,stop,sell,159,159,13.1216,filled,access_key,"Oct 29, 2025, 4:39:30 AM","Oct 29, 2025, 4:39:30 AM","Oct 29, 2025, 9:00:00 AM"
F,Stop @ $13.13,stop,sell,125,125,13.1214,filled,access_key,"Oct 29, 2025, 4:39:30 AM","Oct 29, 2025, 4:39:30 AM","Oct 29, 2025, 9:00:00 AM"
META,Stop @ $752.35,stop,sell,2,2,752.4006,filled,access_key,"Oct 29, 2025, 4:37:08 AM","Oct 29, 2025, 4:37:08 AM","Oct 29, 2025, 9:00:00 AM"
META,Stop @ $752.49,stop,sell,3,3,752.4838,filled,access_key,"Oct 29, 2025, 4:37:03 AM","Oct 29, 2025, 4:37:03 AM","Oct 29, 2025, 9:00:00 AM"
TSLA,Stop @ $463.15,stop,sell,5,5,463.0308,filled,access_key,"Oct 29, 2025, 4:35:41 AM","Oct 29, 2025, 4:35:41 AM","Oct 29, 2025, 9:00:00 AM"
COIN,Stop @ $359.49,stop,sell,5,5,359.484,filled,access_key,"Oct 29, 2025, 4:35:35 AM","Oct 29, 2025, 4:35:35 AM","Oct 29, 2025, 9:00:00 AM"
PLTR,Stop @ $188.28,stop,sell,7,7,188.27,filled,access_key,"Oct 29, 2025, 4:35:35 AM","Oct 29, 2025, 4:35:35 AM","Oct 29, 2025, 9:00:00 AM"
COIN,Stop @ $359.65,stop,sell,5,5,359.5582,filled,access_key,"Oct 29, 2025, 4:35:33 AM","Oct 29, 2025, 4:35:33 AM","Oct 29, 2025, 9:00:00 AM"
PLTR,Stop @ $188.30,stop,sell,11,11,188.293,filled,access_key,"Oct 29, 2025, 4:35:33 AM","Oct 29, 2025, 4:35:33 AM","Oct 29, 2025, 9:00:00 AM"
COIN,Stop @ $359.67,stop,sell,8,8,359.7446,filled,access_key,"Oct 29, 2025, 4:35:27 AM","Oct 29, 2025, 4:35:27 AM","Oct 29, 2025, 9:00:00 AM"
META,Stop @ $752.68,stop,sell,3,3,752.6471,filled,access_key,"Oct 29, 2025, 4:34:32 AM","Oct 29, 2025, 4:34:32 AM","Oct 29, 2025, 9:00:00 AM"
NVDA,Stop @ $192.34,stop,sell,14,14,192.3501,filled,access_key,"Oct 29, 2025, 4:34:07 AM","Oct 29, 2025, 4:34:07 AM","Oct 29, 2025, 9:00:00 AM"
F,Market,market,buy,159,159,13.1684,filled,access_key,"Oct 29, 2025, 4:33:24 AM","Oct 29, 2025, 4:33:24 AM","Oct 29, 2025, 9:00:00 AM"
PLTR,Market,market,buy,10,10,188.5101,filled,access_key,"Oct 29, 2025, 4:33:22 AM","Oct 29, 2025, 4:33:22 AM","Oct 29, 2025, 9:00:00 AM"
COIN,Market,market,buy,7,7,360.12,filled,access_key,"Oct 29, 2025, 4:33:20 AM","Oct 29, 2025, 4:33:20 AM","Oct 29, 2025, 9:00:00 AM"
TSLA,Limit @ $466.05,limit,sell,6,6,466.05,filled,access_key,"Oct 29, 2025, 4:33:17 AM","Oct 29, 2025, 4:54:02 AM","Oct 29, 2025, 9:00:00 AM"
TSLA,Market,market,buy,6,6,463.7527,filled,access_key,"Oct 29, 2025, 4:33:17 AM","Oct 29, 2025, 4:33:17 AM","Oct 29, 2025, 9:00:00 AM"
,,,,,,,,,,,
,,,,,,,,,,,
,,,,,,,,,,,
,,,,,,,,,,,
,,,,,,,,,,,
,,,,,,,,,,,
,,,,,,,,,,,
,,,,,,,,,,,
,,,,,,,,,,,
,,,,,,,,,,,
,,,,,,,,,,,
,,,,,,,,,,,
,,,,,,,,,,,
,,,,,,,,,,,
,,,,,,,,,,,
,,,,,,,,,,,
,,,,,,,,,,,
,,,,,,,,,,,
,,,,,,,,,,,
,,,,,,,,,,,
,,,,,,,,,,,
,,,,,,,,,,,
,,,,,,,,,,,
,,,,,,,,,,,
,,,,,,,,,,,
,,,,,,,,,,,
,,,,,,,,,,,
,,,,,,,,,,,
,,,,,,,,,,,
,,,,,,,,,,,
,,,,,,,,,,,
,,,,,,,,,,,
,,,,,,,,,,,
,,,,,,,,,,,
,,,,,,,,,,,
,,,,,,,,,,,
,,,,,,,,,,,
,,,,,,,,,,,
,,,,,,,,,,,
,,,,,,,,,,,
,,,,,,,,,,,
,,,,,,,,,,,
,,,,,,,,,,,
,,,,,,,,,,,
,,,,,,,,,,,
,,,,,,,,,,,
,,,,,,,,,,,
,,,,,,,,,,,
,,,,,,,,,,,
,,,,,,,,,,,
,,,,,,,,,,,
,,,,,,,,,,,
,,,,,,,,,,,
,,,,,,,,,,,
,,,,,,,,,,,
,,,,,,,,,,,
,,,,,,,,,,,
,,,,,,,,,,,
,,,,,,,,,,,
,,,,,,,,,,,
,,,,,,,,,,,
,,,,,,,,,,,
,,,,,,,,,,,
,,,,,,,,,,,
,,,,,,,,,,,
,,,,,,,,,,,
,,,,,,,,,,,
,,,,,,,,,,,
,,,,,,,,,,,
,,,,,,,,,,,
,,,,,,,,,,,
,,,,,,,,,,,
,,,,,,,,,,,
,,,,,,,,,,,
,,,,,,,,,,,
,,,,,,,,,,,
,,,,,,,,,,,
,,,,,,,,,,,
,,,,,,,,,,,
,,,,,,,,,,,
,,,,,,,,,,,
,,,,,,,,,,,
,,,,,,,,,,,
,,,,,,,,,,,
,,,,,,,,,,,
,,,,,,,,,,,
,,,,,,,,,,,
,,,,,,,,,,,
,,,,,,,,,,,
,,,,,,,,,,,
,,,,,,,,,,,
,,,,,,,,,,,
,,,,,,,,,,,
,,,,,,,,,,,
,,,,,,,,,,,
,,,,,,,,,,,
,,,,,,,,,,,
,,,,,,,,,,,
,,,,,,,,,,,
,,,,,,,,,,,
,,,,,,,,,,,
,,,,,,,,,,,
,,,,,,,,,,,
,,,,,,,,,,,
,,,,,,,,,,,
,,,,,,,,,,,
,,,,,,,,,,,
,,,,,,,,,,,
,,,,,,,,,,,
,,,,,,,,,,,
,,,,,,,,,,,
,,,,,,,,,,,
,,,,,,,,,,,
,,,,,,,,,,,
,,,,,,,,,,,
,,,,,,,,,,,
,,,,,,,,,,,
,,,,,,,,,,,
,,,,,,,,,,,
,,,,,,,,,,,
,,,,,,,,,,,
,,,,,,,,,,,
,,,,,,,,,,,
,,,,,,,,,,,
,,,,,,,,,,,
,,,,,,,,,,,
,,,,,,,,,,,
,,,,,,,,,,,
,,,,,,,,,,,
,,,,,,,,,,,
,,,,,,,,,,,
,,,,,,,,,,,
,,,,,,,,,,,
,,,,,,,,,,,
,,,,,,,,,,,
,,,,,,,,,,,
,,,,,,,,,,,
,,,,,,,,,,,
,,,,,,,,,,,
,,,,,,,,,,,
,,,,,,,,,,,
,,,,,,,,,,,
,,,,,,,,,,,
,,,,,,,,,,,
,,,,,,,,,,,
,,,,,,,,,,,
,,,,,,,,,,,
,,,,,,,,,,,
,,,,,,,,,,,
,,,,,,,,,,,
,,,,,,,,,,,
,,,,,,,,,,,
,,,,,,,,,,,
,,,,,,,,,,,
,,,,,,,,,,,
,,,,,,,,,,,
,,,,,,,,,,,
,,,,,,,,,,,
,,,,,,,,,,,
,,,,,,,,,,,
,,,,,,,,,,,
,,,,,,,,,,,
,,,,,,,,,,,
,,,,,,,,,,,
,,,,,,,,,,,
,,,,,,,,,,,
,,,,,,,,,,,
,,,,,,,,,,,
,,,,,,,,,,,
,,,,,,,,,,,
,,,,,,,,,,,
,,,,,,,,,,,
,,,,,,,,,,,
,,,,,,,,,,,
,,,,,,,,,,,
,,,,,,,,,,,
,,,,,,,,,,,
,,,,,,,,,,,
,,,,,,,,,,,
,,,,,,,,,,,
,,,,,,,,,,,
,,,,,,,,,,,
,,,,,,,,,,,
,,,,,,,,,,,
,,,,,,,,,,,
,,,,,,,,,,,
,,,,,,,,,,,
,,,,,,,,,,,
,,,,,,,,,,,
,,,,,,,,,,,
,,,,,,,,,,,
,,,,,,,,,,,
,,,,,,,,,,,
,,,,,,,,,,,
,,,,,,,,,,,
,,,,,,,,,,,
,,,,,,,,,,,
,,,,,,,,,,,
,,,,,,,,,,,
,,,,,,,,,,,
,,,,,,,,,,,
,,,,,,,,,,,
,,,,,,,,,,,
,,,,,,,,,,,
,,,,,,,,,,,
,,,,,,,,,,,
,,,,,,,,,,,
,,,,,,,,,,,
,,,,,,,,,,,
,,,,,,,,,,,
,,,,,,,,,,,
,,,,,,,,,,,
,,,,,,,,,,,
,,,,,,,,,,,
,,,,,,,,,,,
,,,,,,,,,,,
,,,,,,,,,,,
,,,,,,,,,,,
,,,,,,,,,,,
,,,,,,,,,,,
,,,,,,,,,,,
,,,,,,,,,,,
,,,,,,,,,,,
,,,,,,,,,,,
,,,,,,,,,,,
,,,,,,,,,,,
,,,,,,,,,,,
,,,,,,,,,,,
,,,,,,,,,,,
,,,,,,,,,,,
,,,,,,,,,,,
,,,,,,,,,,,
,,,,,,,,,,,
,,,,,,,,,,,
,,,,,,,,,,,
,,,,,,,,,,,
,,,,,,,,,,,
,,,,,,,,,,,
,,,,,,,,,,,
,,,,,,,,,,,
,,,,,,,,,,,
,,,,,,,,,,,
,,,,,,,,,,,
,,,,,,,,,,,
,,,,,,,,,,,
,,,,,,,,,,,
,,,,,,,,,,,
,,,,,,,,,,,
,,,,,,,,,,,
,,,,,,,,,,,
,,,,,,,,,,,
,,,,,,,,,,,
,,,,,,,,,,,
,,,,,,,,,,,
,,,,,,,,,,,
,,,,,,,,,,,
,,,,,,,,,,,
,,,,,,,,,,,
,,,,,,,,,,,
,,,,,,,,,,,
,,,,,,,,,,,
,,,,,,,,,,,
,,,,,,,,,,,
,,,,,,,,,,,
,,,,,,,,,,,
,,,,,,,,,,,
,,,,,,,,,,,
,,,,,,,,,,,
,,,,,,,,,,,
,,,,,,,,,,,
,,,,,,,,,,,
,,,,,,,,,,,
,,,,,,,,,,,
,,,,,,,,,,,
,,,,,,,,,,,
,,,,,,,,,,,
,,,,,,,,,,,
,,,,,,,,,,,
,,,,,,,,,,,
,,,,,,,,,,,
,,,,,,,,,,,
,,,,,,,,,,,
,,,,,,,,,,,
,,,,,,,,,,,
,,,,,,,,,,,
,,,,,,,,,,,
,,,,,,,,,,,
,,,,,,,,,,,
,,,,,,,,,,,
,,,,,,,,,,,
,,,,,,,,,,,
,,,,,,,,,,,
,,,,,,,,,,,
,,,,,,,,,,,
,,,,,,,,,,,
,,,,,,,,,,,
,,,,,,,,,,,
,,,,,,,,,,,
,,,,,,,,,,,
,,,,,,,,,,,
,,,,,,,,,,,
,,,,,,,,,,,
,,,,,,,,,,,
,,,,,,,,,,,
,,,,,,,,,,,
,,,,,,,,,,,
,,,,,,,,,,,
,,,,,,,,,,,
,,,,,,,,,,,
,,,,,,,,,,,
,,,,,,,,,,,
,,,,,,,,,,,
,,,,,,,,,,,
,,,,,,,,,,,
,,,,,,,,,,,
,,,,,,,,,,,
,,,,,,,,,,,
,,,,,,,,,,,
,,,,,,,,,,,
,,,,,,,,,,,
,,,,,,,,,,,
,,,,,,,,,,,
,,,,,,,,,,,
,,,,,,,,,,,
,,,,,,,,,,,
,,,,,,,,,,,
,,,,,,,,,,,
,,,,,,,,,,,
,,,,,,,,,,,
,,,,,,,,,,,
,,,,,,,,,,,
,,,,,,,,,,,
,,,,,,,,,,,
,,,,,,,,,,,
,,,,,,,,,,,
,,,,,,,,,,,
,,,,,,,,,,,
,,,,,,,,,,,
,,,,,,,,,,,
,,,,,,,,,,,
,,,,,,,,,,,
,,,,,,,,,,,
,,,,,,,,,,,
,,,,,,,,,,,
,,,,,,,,,,,
,,,,,,,,,,,
,,,,,,,,,,,
,,,,,,,,,,,
,,,,,,,,,,,
,,,,,,,,,,,
,,,,,,,,,,,
,,,,,,,,,,,
,,,,,,,,,,,
,,,,,,,,,,,
,,,,,,,,,,,
,,,,,,,,,,,
,,,,,,,,,,,
,,,,,,,,,,,
,,,,,,,,,,,
,,,,,,,,,,,
,,,,,,,,,,,
,,,,,,,,,,,
,,,,,,,,,,,
,,,,,,,,,,,
,,,,,,,,,,,
,,,,,,,,,,,
,,,,,,,,,,,
,,,,,,,,,,,
,,,,,,,,,,,
,,,,,,,,,,,
,,,,,,,,,,,
,,,,,,,,,,,
,,,,,,,,,,,
,,,,,,,,,,,
,,,,,,,,,,,
,,,,,,,,,,,
,,,,,,,,,,,
,,,,,,,,,,,
,,,,,,,,,,,
,,,,,,,,,,,
,,,,,,,,,,,
,,,,,,,,,,,
,,,,,,,,,,,
,,,,,,,,,,,
,,,,,,,,,,,
,,,,,,,,,,,
,,,,,,,,,,,
,,,,,,,,,,,
,,,,,,,,,,,
,,,,,,,,,,,
,,,,,,,,,,,
,,,,,,,,,,,
,,,,,,,,,,,
,,,,,,,,,,,
,,,,,,,,,,,
,,,,,,,,,,,
,,,,,,,,,,,
,,,,,,,,,,,
,,,,,,,,,,,
,,,,,,,,,,,
,,,,,,,,,,,
,,,,,,,,,,,
,,,,,,,,,,,
,,,,,,,,,,,
,,,,,,,,,,,
,,,,,,,,,,,
,,,,,,,,,,,
,,,,,,,,,,,
,,,,,,,,,,,
,,,,,,,,,,,
,,,,,,,,,,,
,,,,,,,,,,,
,,,,,,,,,,,
,,,,,,,,,,,
,,,,,,,,,,,
,,,,,,,,,,,
,,,,,,,,,,,
,,,,,,,,,,,
,,,,,,,,,,,
,,,,,,,,,,,
,,,,,,,,,,,
,,,,,,,,,,,
,,,,,,,,,,,
,,,,,,,,,,,
,,,,,,,,,,,
,,,,,,,,,,,
,,,,,,,,,,,
,,,,,,,,,,,
,,,,,,,,,,,
,,,,,,,,,,,
,,,,,,,,,,,
,,,,,,,,,,,
,,,,,,,,,,,
,,,,,,,,,,,
,,,,,,,,,,,
,,,,,,,,,,,
,,,,,,,,,,,
,,,,,,,,,,,
,,,,,,,,,,,
,,,,,,,,,,,
,,,,,,,,,,,
,,,,,,,,,,,
,,,,,,,,,,,
,,,,,,,,,,,
,,,,,,,,,,,
,,,,,,,,,,,
,,,,,,,,,,,
,,,,,,,,,,,
,,,,,,,,,,,
,,,,,,,,,,,
,,,,,,,,,,,
,,,,,,,,,,,
,,,,,,,,,,,
,,,,,,,,,,,
,,,,,,,,,,,
,,,,,,,,,,,
,,,,,,,,,,,
,,,,,,,,,,,
,,,,,,,,,,,
,,,,,,,,,,,
,,,,,,,,,,,
,,,,,,,,,,,
,,,,,,,,,,,
,,,,,,,,,,,
,,,,,,,,,,,
,,,,,,,,,,,
,,,,,,,,,,,
,,,,,,,,,,,
,,,,,,,,,,,
,,,,,,,,,,,
,,,,,,,,,,,
,,,,,,,,,,,
,,,,,,,,,,,
,,,,,,,,,,,
,,,,,,,,,,,
,,,,,,,,,,,
,,,,,,,,,,,
,,,,,,,,,,,
,,,,,,,,,,,
,,,,,,,,,,,
,,,,,,,,,,,
,,,,,,,,,,,
,,,,,,,,,,,
,,,,,,,,,,,
,,,,,,,,,,,
,,,,,,,,,,,
,,,,,,,,,,,
,,,,,,,,,,,
,,,,,,,,,,,
,,,,,,,,,,,
,,,,,,,,,,,
,,,,,,,,,,,
,,,,,,,,,,,
,,,,,,,,,,,
,,,,,,,,,,,
,,,,,,,,,,,
,,,,,,,,,,,
,,,,,,,,,,,
,,,,,,,,,,,
,,,,,,,,,,,
,,,,,,,,,,,
,,,,,,,,,,,
,,,,,,,,,,,
,,,,,,,,,,,
,,,,,,,,,,,
,,,,,,,,,,,
,,,,,,,,,,,
,,,,,,,,,,,
,,,,,,,,,,,
,,,,,,,,,,,
,,,,,,,,,,,
,,,,,,,,,,,
,,,,,,,,,,,
,,,,,,,,,,,
,,,,,,,,,,,
,,,,,,,,,,,
,,,,,,,,,,,
,,,,,,,,,,,
,,,,,,,,,,,
,,,,,,,,,,,
,,,,,,,,,,,
,,,,,,,,,,,
,,,,,,,,,,,
,,,,,,,,,,,
,,,,,,,,,,,
,,,,,,,,,,,
,,,,,,,,,,,
,,,,,,,,,,,
,,,,,,,,,,,
,,,,,,,,,,,
,,,,,,,,,,,
,,,,,,,,,,,
,,,,,,,,,,,
,,,,,,,,,,,
,,,,,,,,,,,
,,,,,,,,,,,
,,,,,,,,,,,
,,,,,,,,,,,
,,,,,,,,,,,
,,,,,,,,,,,
,,,,,,,,,,,
,,,,,,,,,,,
,,,,,,,,,,,
,,,,,,,,,,,
,,,,,,,,,,,
,,,,,,,,,,,
,,,,,,,,,,,
,,,,,,,,,,,
,,,,,,,,,,,
,,,,,,,,,,,
,,,,,,,,,,,
,,,,,,,,,,,
,,,,,,,,,,,
,,,,,,,,,,,
,,,,,,,,,,,
,,,,,,,,,,,
,,,,,,,,,,,
,,,,,,,,,,,
,,,,,,,,,,,
,,,,,,,,,,,
,,,,,,,,,,,
,,,,,,,,,,,
,,,,,,,,,,,
,,,,,,,,,,,
,,,,,,,,,,,
,,,,,,,,,,,
,,,,,,,,,,,
,,,,,,,,,,,
,,,,,,,,,,,
,,,,,,,,,,,
,,,,,,,,,,,
,,,,,,,,,,,
,,,,,,,,,,,
,,,,,,,,,,,
,,,,,,,,,,,
,,,,,,,,,,,
,,,,,,,,,,,
,,,,,,,,,,,
,,,,,,,,,,,
,,,,,,,,,,,
,,,,,,,,,,,
,,,,,,,,,,,
,,,,,,,,,,,
,,,,,,,,,,,
,,,,,,,,,,,
,,,,,,,,,,,
,,,,,,,,,,,
,,,,,,,,,,,
,,,,,,,,,,,
,,,,,,,,,,,
,,,,,,,,,,,
,,,,,,,,,,,
,,,,,,,,,,,
,,,,,,,,,,,
,,,,,,,,,,,
,,,,,,,,,,,
,,,,,,,,,,,
,,,,,,,,,,,
,,,,,,,,,,,
,,,,,,,,,,,
,,,,,,,,,,,
,,,,,,,,,,,
,,,,,,,,,,,
,,,,,,,,,,,
,,,,,,,,,,,
,,,,,,,,,,,
,,,,,,,,,,,
,,,,,,,,,,,
,,,,,,,,,,,
,,,,,,,,,,,
,,,,,,,,,,,
,,,,,,,,,,,
,,,,,,,,,,,
,,,,,,,,,,,
,,,,,,,,,,,
,,,,,,,,,,,
,,,,,,,,,,,
,,,,,,,,,,,
,,,,,,,,,,,
,,,,,,,,,,,
,,,,,,,,,,,
,,,,,,,,,,,
,,,,,,,,,,,
,,,,,,,,,,,
,,,,,,,,,,,
,,,,,,,,,,,
,,,,,,,,,,,
,,,,,,,,,,,
,,,,,,,,,,,
,,,,,,,,,,,
,,,,,,,,,,,
,,,,,,,,,,,
,,,,,,,,,,,
,,,,,,,,,,,
,,,,,,,,,,,
,,,,,,,,,,,
,,,,,,,,,,,
,,,,,,,,,,,
,,,,,,,,,,,
,,,,,,,,,,,
,,,,,,,,,,,
,,,,,,,,,,,
,,,,,,,,,,,
,,,,,,,,,,,
,,,,,,,,,,,
,,,,,,,,,,,
,,,,,,,,,,,
,,,,,,,,,,,
,,,,,,,,,,,
,,,,,,,,,,,
,,,,,,,,,,,
,,,,,,,,,,,
,,,,,,,,,,,
,,,,,,,,,,,
,,,,,,,,,,,
,,,,,,,,,,,
,,,,,,,,,,,
,,,,,,,,,,,
,,,,,,,,,,,
,,,,,,,,,,,
,,,,,,,,,,,
,,,,,,,,,,,
,,,,,,,,,,,
,,,,,,,,,,,
,,,,,,,,,,,
,,,,,,,,,,,
,,,,,,,,,,,
,,,,,,,,,,,
,,,,,,,,,,,
,,,,,,,,,,,
,,,,,,,,,,,
,,,,,,,,,,,
,,,,,,,,,,,
,,,,,,,,,,,
,,,,,,,,,,,
,,,,,,,,,,,
,,,,,,,,,,,
,,,,,,,,,,,
,,,,,,,,,,,
,,,,,,,,,,,
,,,,,,,,,,,
,,,,,,,,,,,
,,,,,,,,,,,
,,,,,,,,,,,
,,,,,,,,,,,
,,,,,,,,,,,
,,,,,,,,,,,
,,,,,,,,,,,
,,,,,,,,,,,
,,,,,,,,,,,
,,,,,,,,,,,
,,,,,,,,,,,
,,,,,,,,,,,
,,,,,,,,,,,
,,,,,,,,,,,
,,,,,,,,,,,
,,,,,,,,,,,
,,,,,,,,,,,
,,,,,,,,,,,
,,,,,,,,,,,
,,,,,,,,,,,
,,,,,,,,,,,
,,,,,,,,,,,
,,,,,,,,,,,
,,,,,,,,,,,
,,,,,,,,,,,
,,,,,,,,,,,
,,,,,,,,,,,
,,,,,,,,,,,
,,,,,,,,,,,
,,,,,,,,,,,
,,,,,,,,,,,
,,,,,,,,,,,
,,,,,,,,,,,
,,,,,,,,,,,
,,,,,,,,,,,
,,,,,,,,,,,
,,,,,,,,,,,
,,,,,,,,,,,
,,,,,,,,,,,
,,,,,,,,,,,
,,,,,,,,,,,
,,,,,,,,,,,
,,,,,,,,,,,
,,,,,,,,,,,
,,,,,,,,,,,
,,,,,,,,,,,
,,,,,,,,,,,
,,,,,,,,,,,
,,,,,,,,,,,
,,,,,,,,,,,
,,,,,,,,,,,
,,,,,,,,,,,
,,,,,,,,,,,
,,,,,,,,,,,
,,,,,,,,,,,
,,,,,,,,,,,
,,,,,,,,,,,
,,,,,,,,,,,
,,,,,,,,,,,
,,,,,,,,,,,
,,,,,,,,,,,
,,,,,,,,,,,
,,,,,,,,,,,
,,,,,,,,,,,
,,,,,,,,,,,
,,,,,,,,,,,
,,,,,,,,,,,
,,,,,,,,,,,
,,,,,,,,,,,
,,,,,,,,,,,
,,,,,,,,,,,
,,,,,,,,,,,
,,,,,,,,,,,
,,,,,,,,,,,
,,,,,,,,,,,
,,,,,,,,,,,
,,,,,,,,,,,
,,,,,,,,,,,
,,,,,,,,,,,
,,,,,,,,,,,
,,,,,,,,,,,
,,,,,,,,,,,
,,,,,,,,,,,
,,,,,,,,,,,
,,,,,,,,,,,
,,,,,,,,,,,
,,,,,,,,,,,
,,,,,,,,,,,
,,,,,,,,,,,
,,,,,,,,,,,
,,,,,,,,,,,
,,,,,,,,,,,
,,,,,,,,,,,
,,,,,,,,,,,
,,,,,,,,,,,
,,,,,,,,,,,
,,,,,,,,,,,
,,,,,,,,,,,
,,,,,,,,,,,
,,,,,,,,,,,
,,,,,,,,,,,
,,,,,,,,,,,
,,,,,,,,,,,
,,,,,,,,,,,
,,,,,,,,,,,
,,,,,,,,,,,
,,,,,,,,,,,
,,,,,,,,,,,
,,,,,,,,,,,
,,,,,,,,,,,
,,,,,,,,,,,
,,,,,,,,,,,
,,,,,,,,,,,
,,,,,,,,,,,
,,,,,,,,,,,
,,,,,,,,,,,
,,,,,,,,,,,
,,,,,,,,,,,
,,,,,,,,,,,
,,,,,,,,,,,
,,,,,,,,,,,
,,,,,,,,,,,
,,,,,,,,,,,
,,,,,,,,,,,
,,,,,,,,,,,
,,,,,,,,,,,
,,,,,,,,,,,
,,,,,,,,,,,
,,,,,,,,,,,
,,,,,,,,,,,
,,,,,,,,,,,
,,,,,,,,,,,
,,,,,,,,,,,
,,,,,,,,,,,
,,,,,,,,,,,
,,,,,,,,,,,
,,,,,,,,,,,
,,,,,,,,,,,
,,,,,,,,,,,
,,,,,,,,,,,
,,,,,,,,,,,
,,,,,,,,,,,
,,,,,,,,,,,
,,,,,,,,,,,
,,,,,,,,,,,
,,,,,,,,,,,
,,,,,,,,,,,
,,,,,,,,,,,
,,,,,,,,,,,
,,,,,,,,,,,
,,,,,,,,,,,
,,,,,,,,,,,
,,,,,,,,,,,
,,,,,,,,,,,
,,,,,,,,,,,
,,,,,,,,,,,
,,,,,,,,,,,
,,,,,,,,,,,
,,,,,,,,,,,
,,,,,,,,,,,
,,,,,,,,,,,
,,,,,,,,,,,
,,,,,,,,,,,
,,,,,,,,,,,
,,,,,,,,,,,
,,,,,,,,,,,
,,,,,,,,,,,
,,,,,,,,,,,
,,,,,,,,,,,
,,,,,,,,,,,
,,,,,,,,,,,
,,,,,,,,,,,
,,,,,,,,,,,
,,,,,,,,,,,
,,,,,,,,,,,
,,,,,,,,,,,
,,,,,,,,,,,
,,,,,,,,,,,
,,,,,,,,,,,
,,,,,,,,,,,
,,,,,,,,,,,
,,,,,,,,,,,
,,,,,,,,,,,
,,,,,,,,,,,
,,,,,,,,,,,
,,,,,,,,,,,
,,,,,,,,,,,
,,,,,,,,,,,
,,,,,,,,,,,
,,,,,,,,,,,
,,,,,,,,,,,
,,,,,,,,,,,
,,,,,,,,,,,
,,,,,,,,,,,
,,,,,,,,,,,
,,,,,,,,,,,
,,,,,,,,,,,
,,,,,,,,,,,
,,,,,,,,,,,
,,,,,,,,,,,
,,,,,,,,,,,
,,,,,,,,,,,
,,,,,,,,,,,
,,,,,,,,,,,
,,,,,,,,,,,
,,,,,,,,,,,
,,,,,,,,,,,
,,,,,,,,,,,
,,,,,,,,,,,
,,,,,,,,,,,
,,,,,,,,,,,
,,,,,,,,,,,
,,,,,,,,,,,
,,,,,,,,,,,
,,,,,,,,,,,
,,,,,,,,,,,
,,,,,,,,,,,
,,,,,,,,,,,
,,,,,,,,,,,
,,,,,,,,,,,
,,,,,,,,,,,
,,,,,,,,,,,
,,,,,,,,,,,
,,,,,,,,,,,
,,,,,,,,,,,
,,,,,,,,,,,
,,,,,,,,,,,
,,,,,,,,,,,
,,,,,,,,,,,
,,,,,,,,,,,
,,,,,,,,,,,
,,,,,,,,,,,
,,,,,,,,,,,
,,,,,,,,,,,
,,,,,,,,,,,
,,,,,,,,,,,
,,,,,,,,,,,
,,,,,,,,,,,
,,,,,,,,,,,
,,,,,,,,,,,
,,,,,,,,,,,
,,,,,,,,,,,
,,,,,,,,,,,
,,,,,,,,,,,
,,,,,,,,,,,
,,,,,,,,,,,
,,,,,,,,,,,
,,,,,,,,,,,
,,,,,,,,,,,
,,,,,,,,,,,
,,,,,,,,,,,
,,,,,,,,,,,
,,,,,,,,,,,
,,,,,,,,,,,
,,,,,,,,,,,
,,,,,,,,,,,
,,,,,,,,,,,
,,,,,,,,,,,
,,,,,,,,,,,
,,,,,,,,,,,
,,,,,,,,,,,
,,,,,,,,,,,
,,,,,,,,,,,
,,,,,,,,,,,
,,,,,,,,,,,
,,,,,,,,,,,
,,,,,,,,,,,
,,,,,,,,,,,
,,,,,,,,,,,
,,,,,,,,,,,
,,,,,,,,,,,
,,,,,,,,,,,
,,,,,,,,,,,
,,,,,,,,,,,
,,,,,,,,,,,
,,,,,,,,,,,
,,,,,,,,,,,
,,,,,,,,,,,
,,,,,,,,,,,
,,,,,,,,,,,
,,,,,,,,,,,
,,,,,,,,,,,
,,,,,,,,,,,
,,,,,,,,,,,
,,,,,,,,,,,
,,,,,,,,,,,
,,,,,,,,,,,
,,,,,,,,,,,
,,,,,,,,,,,
,,,,,,,,,,,
,,,,,,,,,,,
,,,,,,,,,,,
,,,,,,,,,,,
,,,,,,,,,,,
,,,,,,,,,,,
,,,,,,,,,,,
,,,,,,,,,,,
,,,,,,,,,,,
,,,,,,,,,,,
,,,,,,,,,,,
,,,,,,,,,,,
,,,,,,,,,,,
,,,,,,,,,,,
,,,,,,,,,,,
,,,,,,,,,,,
,,,,,,,,,,,
,,,,,,,,,,,
,,,,,,,,,,,
,,,,,,,,,,,
,,,,,,,,,,,
,,,,,,,,,,,
,,,,,,,,,,,
,,,,,,,,,,,
,,,,,,,,,,,
,,,,,,,,,,,
,,,,,,,,,,,
,,,,,,,,,,,
,,,,,,,,,,,
,,,,,,,,,,,
,,,,,,,,,,,
,,,,,,,,,,,
,,,,,,,,,,,
,,,,,,,,,,,
,,,,,,,,,,,
,,,,,,,,,,,
,,,,,,,,,,,
,,,,,,,,,,,
,,,,,,,,,,,
,,,,,,,,,,,
,,,,,,,,,,,
,,,,,,,,,,,
,,,,,,,,,,,
,,,,,,,,,,,
,,,,,,,,,,,
,,,,,,,,,,,
,,,,,,,,,,,
,,,,,,,,,,,
,,,,,,,,,,,
,,,,,,,,,,,
,,,,,,,,,,,
,,,,,,,,,,,
,,,,,,,,,,,
,,,,,,,,,,,
,,,,,,,,,,,
,,,,,,,,,,,
,,,,,,,,,,,
,,,,,,,,,,,
,,,,,,,,,,,
,,,,,,,,,,,
,,,,,,,,,,,
,,,,,,,,,,,
,,,,,,,,,,,
,,,,,,,,,,,
,,,,,,,,,,,
,,,,,,,,,,,
,,,,,,,,,,,
,,,,,,,,,,,
,,,,,,,,,,,
,,,,,,,,,,,
,,,,,,,,,,,
,,,,,,,,,,,
,,,,,,,,,,,
,,,,,,,,,,,
,,,,,,,,,,,
,,,,,,,,,,,
,,,,,,,,,,,
,,,,,,,,,,,
,,,,,,,,,,,
,,,,,,,,,,,
,,,,,,,,,,,
,,,,,,,,,,,
,,,,,,,,,,,
,,,,,,,,,,,
,,,,,,,,,,,
,,,,,,,,,,,
,,,,,,,,,,,
,,,,,,,,,,,
,,,,,,,,,,,
,,,,,,,,,,,
,,,,,,,,,,,
,,,,,,,,,,,
,,,,,,,,,,,
,,,,,,,,,,,
,,,,,,,,,,,
,,,,,,,,,,,
,,,,,,,,,,,
,,,,,,,,,,,
,,,,,,,,,,,
,,,,,,,,,,,
,,,,,,,,,,,
,,,,,,,,,,,
,,,,,,,,,,,
,,,,,,,,,,,
,,,,,,,,,,,
,,,,,,,,,,,
,,,,,,,,,,,
,,,,,,,,,,,
,,,,,,,,,,,
,,,,,,,,,,,
,,,,,,,,,,,
,,,,,,,,,,,
,,,,,,,,,,,
,,,,,,,,,,,
,,,,,,,,,,,
,,,,,,,,,,,
,,,,,,,,,,,
,,,,,,,,,,,
,,,,,,,,,,,
,,,,,,,,,,,
,,,,,,,,,,,
,,,,,,,,,,,
,,,,,,,,,,,
,,,,,,,,,,,
,,,,,,,,,,,
,,,,,,,,,,,
,,,,,,,,,,,
,,,,,,,,,,,
,,,,,,,,,,,
,,,,,,,,,,,
,,,,,,,,,,,
,,,,,,,,,,,
,,,,,,,,,,,
,,,,,,,,,,,
,,,,,,,,,,,
,,,,,,,,,,,
,,,,,,,,,,,
,,,,,,,,,,,
,,,,,,,,,,,
,,,,,,,,,,,
,,,,,,,,,,,
,,,,,,,,,,,
,,,,,,,,,,,
,,,,,,,,,,,
,,,,,,,,,,,
,,,,,,,,,,,
,,,,,,,,,,,
,,,,,,,,,,,
,,,,,,,,,,,
,,,,,,,,,,,
,,,,,,,,,,,
,,,,,,,,,,,
,,,,,,,,,,,
,,,,,,,,,,,
,,,,,,,,,,,
,,,,,,,,,,,
,,,,,,,,,,,
,,,,,,,,,,,
,,,,,,,,,,,
,,,,,,,,,,,
,,,,,,,,,,,
,,,,,,,,,,,
,,,,,,,,,,,
,,,,,,,,,,,
,,,,,,,,,,,
,,,,,,,,,,,
,,,,,,,,,,,
,,,,,,,,,,,
,,,,,,,,,,,
,,,,,,,,,,,
,,,,,,,,,,,
,,,,,,,,,,,
,,,,,,,,,,,
,,,,,,,,,,,
,,,,,,,,,,,
,,,,,,,,,,,
,,,,,,,,,,,
,,,,,,,,,,,
,,,,,,,,,,,
,,,,,,,,,,,
,,,,,,,,,,,
,,,,,,,,,,,
,,,,,,,,,,,
,,,,,,,,,,,
,,,,,,,,,,,
,,,,,,,,,,,
,,,,,,,,,,,
,,,,,,,,,,,
,,,,,,,,,,,
,,,,,,,,,,,
,,,,,,,,,,,
,,,,,,,,,,,
,,,,,,,,,,,
,,,,,,,,,,,
,,,,,,,,,,,
,,,,,,,,,,,
,,,,,,,,,,,
,,,,,,,,,,,
,,,,,,,,,,,
,,,,,,,,,,,
,,,,,,,,,,,
,,,,,,,,,,,
,,,,,,,,,,,
,,,,,,,,,,,
,,,,,,,,,,,
,,,,,,,,,,,
,,,,,,,,,,,
,,,,,,,,,,,
,,,,,,,,,,,
,,,,,,,,,,,
,,,,,,,,,,,
,,,,,,,,,,,
,,,,,,,,,,,
,,,,,,,,,,,
,,,,,,,,,,,
,,,,,,,,,,,
,,,,,,,,,,,
,,,,,,,,,,,
,,,,,,,,,,,
,,,,,,,,,,,
,,,,,,,,,,,
,,,,,,,,,,,
,,,,,,,,,,,
,,,,,,,,,,,
,,,,,,,,,,,
,,,,,,,,,,,
,,,,,,,,,,,
,,,,,,,,,,,
,,,,,,,,,,,
,,,,,,,,,,,
,,,,,,,,,,,
,,,,,,,,,,,
,,,,,,,,,,,
,,,,,,,,,,,
,,,,,,,,,,,
,,,,,,,,,,,
,,,,,,,,,,,
,,,,,,,,,,,
,,,,,,,,,,,
,,,,,,,,,,,
,,,,,,,,,,,
,,,,,,,,,,,
,,,,,,,,,,,
,,,,,,,,,,,
,,,,,,,,,,,
,,,,,,,,,,,
,,,,,,,,,,,
,,,,,,,,,,,
,,,,,,,,,,,
,,,,,,,,,,,
,,,,,,,,,,,
,,,,,,,,,,,
,,,,,,,,,,,
,,,,,,,,,,,
,,,,,,,,,,,
,,,,,,,,,,,
,,,,,,,,,,,
,,,,,,,,,,,
,,,,,,,,,,,
,,,,,,,,,,,
,,,,,,,,,,,
,,,,,,,,,,,
,,,,,,,,,,,
,,,,,,,,,,,
,,,,,,,,,,,
,,,,,,,,,,,
,,,,,,,,,,,
,,,,,,,,,,,
,,,,,,,,,,,
,,,,,,,,,,,
,,,,,,,,,,,
,,,,,,,,,,,
,,,,,,,,,,,
,,,,,,,,,,,
,,,,,,,,,,,
,,,,,,,,,,,
,,,,,,,,,,,
,,,,,,,,,,,
,,,,,,,,,,,
,,,,,,,,,,,
,,,,,,,,,,,
,,,,,,,,,,,
,,,,,,,,,,,
,,,,,,,,,,,
,,,,,,,,,,,
,,,,,,,,,,,
,,,,,,,,,,,
,,,,,,,,,,,
,,,,,,,,,,,
,,,,,,,,,,,
,,,,,,,,,,,
,,,,,,,,,,,
,,,,,,,,,,,
,,,,,,,,,,,
,,,,,,,,,,,
,,,,,,,,,,,
,,,,,,,,,,,
,,,,,,,,,,,
,,,,,,,,,,,
,,,,,,,,,,,
,,,,,,,,,,,
,,,,,,,,,,,
,,,,,,,,,,,
,,,,,,,,,,,
,,,,,,,,,,,
,,,,,,,,,,,
,,,,,,,,,,,
,,,,,,,,,,,
,,,,,,,,,,,
,,,,,,,,,,,
,,,,,,,,,,,
,,,,,,,,,,,
,,,,,,,,,,,
,,,,,,,,,,,
,,,,,,,,,,,
,,,,,,,,,,,
,,,,,,,,,,,
,,,,,,,,,,,
,,,,,,,,,,,
,,,,,,,,,,,
,,,,,,,,,,,
,,,,,,,,,,,
,,,,,,,,,,,
,,,,,,,,,,,
,,,,,,,,,,,
,,,,,,,,,,,
,,,,,,,,,,,
,,,,,,,,,,,
,,,,,,,,,,,
,,,,,,,,,,,
,,,,,,,,,,,
,,,,,,,,,,,
,,,,,,,,,,,
,,,,,,,,,,,
,,,,,,,,,,,
,,,,,,,,,,,
,,,,,,,,,,,
,,,,,,,,,,,
,,,,,,,,,,,
,,,,,,,,,,,
,,,,,,,,,,,
,,,,,,,,,,,
,,,,,,,,,,,
,,,,,,,,,,,
,,,,,,,,,,,
,,,,,,,,,,,
,,,,,,,,,,,
,,,,,,,,,,,
,,,,,,,,,,,
,,,,,,,,,,,
,,,,,,,,,,,
,,,,,,,,,,,
,,,,,,,,,,,
,,,,,,,,,,,
,,,,,,,,,,,
,,,,,,,,,,,
,,,,,,,,,,,
,,,,,,,,,,,
,,,,,,,,,,,
,,,,,,,,,,,
,,,,,,,,,,,
,,,,,,,,,,,
,,,,,,,,,,,
,,,,,,,,,,,
,,,,,,,,,,,
,,,,,,,,,,,
,,,,,,,,,,,
,,,,,,,,,,,
,,,,,,,,,,,
,,,,,,,,,,,
,,,,,,,,,,,
,,,,,,,,,,,
,,,,,,,,,,,
,,,,,,,,,,,
,,,,,,,,,,,
,,,,,,,,,,,
,,,,,,,,,,,
,,,,,,,,,,,
,,,,,,,,,,,
,,,,,,,,,,,
,,,,,,,,,,,
,,,,,,,,,,,
,,,,,,,,,,,
,,,,,,,,,,,
,,,,,,,,,,,
,,,,,,,,,,,
,,,,,,,,,,,
,,,,,,,,,,,
,,,,,,,,,,,
,,,,,,,,,,,
,,,,,,,,,,,
,,,,,,,,,,,
,,,,,,,,,,,
,,,,,,,,,,,
,,,,,,,,,,,
,,,,,,,,,,,
,,,,,,,,,,,
,,,,,,,,,,,
,,,,,,,,,,,
,,,,,,,,,,,
,,,,,,,,,,,
,,,,,,,,,,,
,,,,,,,,,,,
,,,,,,,,,,,
,,,,,,,,,,,
,,,,,,,,,,,
,,,,,,,,,,,
,,,,,,,,,,,
,,,,,,,,,,,
,,,,,,,,,,,
,,,,,,,,,,,
,,,,,,,,,,,
,,,,,,,,,,,
,,,,,,,,,,,
,,,,,,,,,,,
,,,,,,,,,,,
,,,,,,,,,,,
,,,,,,,,,,,
,,,,,,,,,,,
,,,,,,,,,,,
,,,,,,,,,,,
,,,,,,,,,,,
,,,,,,,,,,,
,,,,,,,,,,,
,,,,,,,,,,,
,,,,,,,,,,,
,,,,,,,,,,,
,,,,,,,,,,,
,,,,,,,,,,,
,,,,,,,,,,,
,,,,,,,,,,,
,,,,,,,,,,,
,,,,,,,,,,,
,,,,,,,,,,,
,,,,,,,,,,,
,,,,,,,,,,,
,,,,,,,,,,,
,,,,,,,,,,,
,,,,,,,,,,,
,,,,,,,,,,,
,,,,,,,,,,,
,,,,,,,,,,,
,,,,,,,,,,,
,,,,,,,,,,,
,,,,,,,,,,,
,,,,,,,,,,,
,,,,,,,,,,,
,,,,,,,,,,,
,,,,,,,,,,,
,,,,,,,,,,,
,,,,,,,,,,,
,,,,,,,,,,,
,,,,,,,,,,,
,,,,,,,,,,,
,,,,,,,,,,,
,,,,,,,,,,,
,,,,,,,,,,,
,,,,,,,,,,,
,,,,,,,,,,,
,,,,,,,,,,,
,,,,,,,,,,,
,,,,,,,,,,,
,,,,,,,,,,,
,,,,,,,,,,,
,,,,,,,,,,,
,,,,,,,,,,,
,,,,,,,,,,,
,,,,,,,,,,,
,,,,,,,,,,,
,,,,,,,,,,,
,,,,,,,,,,,
,,,,,,,,,,,
,,,,,,,,,,,
,,,,,,,,,,,
,,,,,,,,,,,
,,,,,,,,,,,
,,,,,,,,,,,
,,,,,,,,,,,
,,,,,,,,,,,
,,,,,,,,,,,
,,,,,,,,,,,
,,,,,,,,,,,
,,,,,,,,,,,
,,,,,,,,,,,
,,,,,,,,,,,
,,,,,,,,,,,
,,,,,,,,,,,
,,,,,,,,,,,
,,,,,,,,,,,
,,,,,,,,,,,
,,,,,,,,,,,
,,,,,,,,,,,
,,,,,,,,,,,
,,,,,,,,,,,
,,,,,,,,,,,
,,,,,,,,,,,
,,,,,,,,,,,
,,,,,,,,,,,
,,,,,,,,,,,
,,,,,,,,,,,
,,,,,,,,,,,
,,,,,,,,,,,
,,,,,,,,,,,
,,,,,,,,,,,
,,,,,,,,,,,
,,,,,,,,,,,
,,,,,,,,,,,
,,,,,,,,,,,
,,,,,,,,,,,
,,,,,,,,,,,
,,,,,,,,,,,
,,,,,,,,,,,
,,,,,,,,,,,
,,,,,,,,,,,
,,,,,,,,,,,
,,,,,,,,,,,
,,,,,,,,,,,
,,,,,,,,,,,
,,,,,,,,,,,
,,,,,,,,,,,
,,,,,,,,,,,
,,,,,,,,,,,
,,,,,,,,,,,
,,,,,,,,,,,
,,,,,,,,,,,
,,,,,,,,,,,
,,,,,,,,,,,
,,,,,,,,,,,
,,,,,,,,,,,
,,,,,,,,,,,
,,,,,,,,,,,
,,,,,,,,,,,
,,,,,,,,,,,
,,,,,,,,,,,
,,,,,,,,,,,
,,,,,,,,,,,
,,,,,,,,,,,
,,,,,,,,,,,
,,,,,,,,,,,
,,,,,,,,,,,
,,,,,,,,,,,
,,,,,,,,,,,
,,,,,,,,,,,
,,,,,,,,,,,
,,,,,,,,,,,
,,,,,,,,,,,
,,,,,,,,,,,
,,,,,,,,,,,
,,,,,,,,,,,
,,,,,,,,,,,
,,,,,,,,,,,
,,,,,,,,,,,
,,,,,,,,,,,
,,,,,,,,,,,
,,,,,,,,,,,
,,,,,,,,,,,
,,,,,,,,,,,
,,,,,,,,,,,
,,,,,,,,,,,
,,,,,,,,,,,
,,,,,,,,,,,
,,,,,,,,,,,
,,,,,,,,,,,
,,,,,,,,,,,
,,,,,,,,,,,
,,,,,,,,,,,
,,,,,,,,,,,
,,,,,,,,,,,
,,,,,,,,,,,
,,,,,,,,,,,
,,,,,,,,,,,
,,,,,,,,,,,
,,,,,,,,,,,
,,,,,,,,,,,
,,,,,,,,,,,
,,,,,,,,,,,
,,,,,,,,,,,
,,,,,,,,,,,
,,,,,,,,,,,
,,,,,,,,,,,
,,,,,,,,,,,
,,,,,,,,,,,
,,,,,,,,,,,
,,,,,,,,,,,
,,,,,,,,,,,
,,,,,,,,,,,
,,,,,,,,,,,
,,,,,,,,,,,
,,,,,,,,,,,
,,,,,,,,,,,
,,,,,,,,,,,
,,,,,,,,,,,
,,,,,,,,,,,
,,,,,,,,,,,
,,,,,,,,,,,
,,,,,,,,,,,
,,,,,,,,,,,
,,,,,,,,,,,
,,,,,,,,,,,
,,,,,,,,,,,
,,,,,,,,,,,
,,,,,,,,,,,
,,,,,,,,,,,
,,,,,,,,,,,
,,,,,,,,,,,
,,,,,,,,,,,
,,,,,,,,,,,
,,,,,,,,,,,
,,,,,,,,,,,
,,,,,,,,,,,
,,,,,,,,,,,
,,,,,,,,,,,
,,,,,,,,,,,
,,,,,,,,,,,
,,,,,,,,,,,
,,,,,,,,,,,
,,,,,,,,,,,
,,,,,,,,,,,
,,,,,,,,,,,
,,,,,,,,,,,
,,,,,,,,,,,
,,,,,,,,,,,
,,,,,,,,,,,
,,,,,,,,,,,
,,,,,,,,,,,
,,,,,,,,,,,
,,,,,,,,,,,
,,,,,,,,,,,
,,,,,,,,,,,
,,,,,,,,,,,
,,,,,,,,,,,
,,,,,,,,,,,
,,,,,,,,,,,
,,,,,,,,,,,
,,,,,,,,,,,
,,,,,,,,,,,
,,,,,,,,,,,
,,,,,,,,,,,
,,,,,,,,,,,
,,,,,,,,,,,
,,,,,,,,,,,
,,,,,,,,,,,
,,,,,,,,,,,
,,,,,,,,,,,
,,,,,,,,,,,
,,,,,,,,,,,
,,,,,,,,,,,
,,,,,,,,,,,
,,,,,,,,,,,
,,,,,,,,,,,
,,,,,,,,,,,
,,,,,,,,,,,
,,,,,,,,,,,
,,,,,,,,,,,
,,,,,,,,,,,
,,,,,,,,,,,
,,,,,,,,,,,
,,,,,,,,,,,
,,,,,,,,,,,
,,,,,,,,,,,
,,,,,,,,,,,
,,,,,,,,,,,
,,,,,,,,,,,
,,,,,,,,,,,
,,,,,,,,,,,
,,,,,,,,,,,
,,,,,,,,,,,
,,,,,,,,,,,
,,,,,,,,,,,
,,,,,,,,,,,
,,,,,,,,,,,
,,,,,,,,,,,
,,,,,,,,,,,
,,,,,,,,,,,
,,,,,,,,,,,
,,,,,,,,,,,
,,,,,,,,,,,
,,,,,,,,,,,
,,,,,,,,,,,
,,,,,,,,,,,
,,,,,,,,,,,
,,,,,,,,,,,
,,,,,,,,,,,
,,,,,,,,,,,
,,,,,,,,,,,
,,,,,,,,,,,
,,,,,,,,,,,
,,,,,,,,,,,
,,,,,,,,,,,
,,,,,,,,,,,
,,,,,,,,,,,
,,,,,,,,,,,
,,,,,,,,,,,
,,,,,,,,,,,
,,,,,,,,,,,
,,,,,,,,,,,
,,,,,,,,,,,
,,,,,,,,,,,
,,,,,,,,,,,
,,,,,,,,,,,
,,,,,,,,,,,
,,,,,,,,,,,
,,,,,,,,,,,
,,,,,,,,,,,
,,,,,,,,,,,
,,,,,,,,,,,
,,,,,,,,,,,
,,,,,,,,,,,
,,,,,,,,,,,
,,,,,,,,,,,
,,,,,,,,,,,
,,,,,,,,,,,
,,,,,,,,,,,
,,,,,,,,,,,
,,,,,,,,,,,
,,,,,,,,,,,
,,,,,,,,,,,
,,,,,,,,,,,
,,,,,,,,,,,
,,,,,,,,,,,
,,,,,,,,,,,
,,,,,,,,,,,
,,,,,,,,,,,
,,,,,,,,,,,
,,,,,,,,,,,
,,,,,,,,,,,
,,,,,,,,,,,
,,,,,,,,,,,
,,,,,,,,,,,
,,,,,,,,,,,
,,,,,,,,,,,
,,,,,,,,,,,
,,,,,,,,,,,
,,,,,,,,,,,
,,,,,,,,,,,
,,,,,,,,,,,
,,,,,,,,,,,
,,,,,,,,,,,
,,,,,,,,,,,
,,,,,,,,,,,
,,,,,,,,,,,
,,,,,,,,,,,
,,,,,,,,,,,
,,,,,,,,,,,
,,,,,,,,,,,
,,,,,,,,,,,
,,,,,,,,,,,
,,,,,,,,,,,
,,,,,,,,,,,
,,,,,,,,,,,
,,,,,,,,,,,
,,,,,,,,,,,
,,,,,,,,,,,
,,,,,,,,,,,
,,,,,,,,,,,
,,,,,,,,,,,
,,,,,,,,,,,
,,,,,,,,,,,
,,,,,,,,,,,
,,,,,,,,,,,
,,,,,,,,,,,
,,,,,,,,,,,
,,,,,,,,,,,
,,,,,,,,,,,
,,,,,,,,,,,
,,,,,,,,,,,
,,,,,,,,,,,
,,,,,,,,,,,
,,,,,,,,,,,
,,,,,,,,,,,
,,,,,,,,,,,
,,,,,,,,,,,
,,,,,,,,,,,
,,,,,,,,,,,
,,,,,,,,,,,
,,,,,,,,,,,
,,,,,,,,,,,
,,,,,,,,,,,
,,,,,,,,,,,
,,,,,,,,,,,
,,,,,,,,,,,
,,,,,,,,,,,
,,,,,,,,,,,
,,,,,,,,,,,
,,,,,,,,,,,
,,,,,,,,,,,
,,,,,,,,,,,
,,,,,,,,,,,
,,,,,,,,,,,
,,,,,,,,,,,
,,,,,,,,,,,
,,,,,,,,,,,
,,,,,,,,,,,
,,,,,,,,,,,
,,,,,,,,,,,
,,,,,,,,,,,
,,,,,,,,,,,
,,,,,,,,,,,
,,,,,,,,,,,
,,,,,,,,,,,
,,,,,,,,,,,
,,,,,,,,,,,
,,,,,,,,,,,
,,,,,,,,,,,
,,,,,,,,,,,
,,,,,,,,,,,
,,,,,,,,,,,
,,,,,,,,,,,
,,,,,,,,,,,
,,,,,,,,,,,
,,,,,,,,,,,
,,,,,,,,,,,
,,,,,,,,,,,
,,,,,,,,,,,
,,,,,,,,,,,
,,,,,,,,,,,
,,,,,,,,,,,
,,,,,,,,,,,
,,,,,,,,,,,
,,,,,,,,,,,
,,,,,,,,,,,
,,,,,,,,,,,
,,,,,,,,,,,
,,,,,,,,,,,
,,,,,,,,,,,
,,,,,,,,,,,
,,,,,,,,,,,
,,,,,,,,,,,
,,,,,,,,,,,
,,,,,,,,,,,
,,,,,,,,,,,
,,,,,,,,,,,
,,,,,,,,,,,
,,,,,,,,,,,
,,,,,,,,,,,
,,,,,,,,,,,
,,,,,,,,,,,
,,,,,,,,,,,
,,,,,,,,,,,
,,,,,,,,,,,
,,,,,,,,,,,
,,,,,,,,,,,
,,,,,,,,,,,
,,,,,,,,,,,
,,,,,,,,,,,
,,,,,,,,,,,
,,,,,,,,,,,
,,,,,,,,,,,
,,,,,,,,,,,
,,,,,,,,,,,
,,,,,,,,,,,
,,,,,,,,,,,
,,,,,,,,,,,
,,,,,,,,,,,
,,,,,,,,,,,
,,,,,,,,,,,
,,,,,,,,,,,
,,,,,,,,,,,
,,,,,,,,,,,
,,,,,,,,,,,
,,,,,,,,,,,
,,,,,,,,,,,
,,,,,,,,,,,
,,,,,,,,,,,
,,,,,,,,,,,
,,,,,,,,,,,
,,,,,,,,,,,
,,,,,,,,,,,
,,,,,,,,,,,
,,,,,,,,,,,
,,,,,,,,,,,
,,,,,,,,,,,
,,,,,,,,,,,
,,,,,,,,,,,
,,,,,,,,,,,
,,,,,,,,,,,
,,,,,,,,,,,
,,,,,,,,,,,
,,,,,,,,,,,
,,,,,,,,,,,
,,,,,,,,,,,
,,,,,,,,,,,
,,,,,,,,,,,
,,,,,,,,,,,
,,,,,,,,,,,
,,,,,,,,,,,
,,,,,,,,,,,
,,,,,,,,,,,
,,,,,,,,,,,
,,,,,,,,,,,
,,,,,,,,,,,
,,,,,,,,,,,
,,,,,,,,,,,
,,,,,,,,,,,
,,,,,,,,,,,
,,,,,,,,,,,
,,,,,,,,,,,
,,,,,,,,,,,
,,,,,,,,,,,
,,,,,,,,,,,
,,,,,,,,,,,
,,,,,,,,,,,
,,,,,,,,,,,
,,,,,,,,,,,
,,,,,,,,,,,
,,,,,,,,,,,
,,,,,,,,,,,
,,,,,,,,,,,
,,,,,,,,,,,
,,,,,,,,,,,
,,,,,,,,,,,
,,,,,,,,,,,
,,,,,,,,,,,
,,,,,,,,,,,
,,,,,,,,,,,
,,,,,,,,,,,
,,,,,,,,,,,
,,,,,,,,,,,
,,,,,,,,,,,
,,,,,,,,,,,
,,,,,,,,,,,
,,,,,,,,,,,
,,,,,,,,,,,
,,,,,,,,,,,
,,,,,,,,,,,
,,,,,,,,,,,
,,,,,,,,,,,
,,,,,,,,,,,
,,,,,,,,,,,
,,,,,,,,,,,
,,,,,,,,,,,
,,,,,,,,,,,
,,,,,,,,,,,
,,,,,,,,,,,
,,,,,,,,,,,
,,,,,,,,,,,
,,,,,,,,,,,
,,,,,,,,,,,
,,,,,,,,,,,
,,,,,,,,,,,
,,,,,,,,,,,
,,,,,,,,,,,
,,,,,,,,,,,
,,,,,,,,,,,
,,,,,,,,,,,
,,,,,,,,,,,
,,,,,,,,,,,
,,,,,,,,,,,
,,,,,,,,,,,
,,,,,,,,,,,
,,,,,,,,,,,
,,,,,,,,,,,
,,,,,,,,,,,
,,,,,,,,,,,
,,,,,,,,,,,
,,,,,,,,,,,
,,,,,,,,,,,
,,,,,,,,,,,
,,,,,,,,,,,
,,,,,,,,,,,
,,,,,,,,,,,
,,,,,,,,,,,
,,,,,,,,,,,
,,,,,,,,,,,
,,,,,,,,,,,
,,,,,,,,,,,
,,,,,,,,,,,
,,,,,,,,,,,
,,,,,,,,,,,
,,,,,,,,,,,
,,,,,,,,,,,
,,,,,,,,,,,
,,,,,,,,,,,
,,,,,,,,,,,
,,,,,,,,,,,
,,,,,,,,,,,
,,,,,,,,,,,
,,,,,,,,,,,
,,,,,,,,,,,
,,,,,,,,,,,
,,,,,,,,,,,
,,,,,,,,,,,
,,,,,,,,,,,
,,,,,,,,,,,
,,,,,,,,,,,
,,,,,,,,,,,
,,,,,,,,,,,
,,,,,,,,,,,
,,,,,,,,,,,
,,,,,,,,,,,
,,,,,,,,,,,
,,,,,,,,,,,
,,,,,,,,,,,
,,,,,,,,,,,
,,,,,,,,,,,
,,,,,,,,,,,
,,,,,,,,,,,
,,,,,,,,,,,
,,,,,,,,,,,
,,,,,,,,,,,
,,,,,,,,,,,
,,,,,,,,,,,
,,,,,,,,,,,
,,,,,,,,,,,
,,,,,,,,,,,
,,,,,,,,,,,
,,,,,,,,,,,
,,,,,,,,,,,
,,,,,,,,,,,
,,,,,,,,,,,
,,,,,,,,,,,
,,,,,,,,,,,
,,,,,,,,,,,
,,,,,,,,,,,
,,,,,,,,,,,
,,,,,,,,,,,
,,,,,,,,,,,
,,,,,,,,,,,
,,,,,,,,,,,
,,,,,,,,,,,
,,,,,,,,,,,
,,,,,,,,,,,
,,,,,,,,,,,
,,,,,,,,,,,
,,,,,,,,,,,
,,,,,,,,,,,
,,,,,,,,,,,
,,,,,,,,,,,
,,,,,,,,,,,
,,,,,,,,,,,
,,,,,,,,,,,
,,,,,,,,,,,
,,,,,,,,,,,
,,,,,,,,,,,
,,,,,,,,,,,
,,,,,,,,,,,
,,,,,,,,,,,
,,,,,,,,,,,
,,,,,,,,,,,
,,,,,,,,,,,
,,,,,,,,,,,
,,,,,,,,,,,
,,,,,,,,,,,
,,,,,,,,,,,
,,,,,,,,,,,
,,,,,,,,,,,
,,,,,,,,,,,
,,,,,,,,,,,
,,,,,,,,,,,
,,,,,,,,,,,
,,,,,,,,,,,
,,,,,,,,,,,
,,,,,,,,,,,
,,,,,,,,,,,
,,,,,,,,,,,
,,,,,,,,,,,
,,,,,,,,,,,
,,,,,,,,,,,
,,,,,,,,,,,
,,,,,,,,,,,
,,,,,,,,,,,
,,,,,,,,,,,
,,,,,,,,,,,
,,,,,,,,,,,
,,,,,,,,,,,
,,,,,,,,,,,
,,,,,,,,,,,
,,,,,,,,,,,
,,,,,,,,,,,
,,,,,,,,,,,
,,,,,,,,,,,
,,,,,,,,,,,
,,,,,,,,,,,
,,,,,,,,,,,
,,,,,,,,,,,
,,,,,,,,,,,
,,,,,,,,,,,
,,,,,,,,,,,
,,,,,,,,,,,
,,,,,,,,,,,
,,,,,,,,,,,
,,,,,,,,,,,
,,,,,,,,,,,
,,,,,,,,,,,
,,,,,,,,,,,
,,,,,,,,,,,
,,,,,,,,,,,
,,,,,,,,,,,
,,,,,,,,,,,
,,,,,,,,,,,
,,,,,,,,,,,
,,,,,,,,,,,
,,,,,,,,,,,
,,,,,,,,,,,
,,,,,,,,,,,
,,,,,,,,,,,
,,,,,,,,,,,
,,,,,,,,,,,
,,,,,,,,,,,
,,,,,,,,,,,
,,,,,,,,,,,
,,,,,,,,,,,
,,,,,,,,,,,
,,,,,,,,,,,
,,,,,,,,,,,
,,,,,,,,,,,
,,,,,,,,,,,
,,,,,,,,,,,
,,,,,,,,,,,
,,,,,,,,,,,
,,,,,,,,,,,
,,,,,,,,,,,
,,,,,,,,,,,
,,,,,,,,,,,
,,,,,,,,,,,
,,,,,,,,,,,
,,,,,,,,,,,
,,,,,,,,,,,
,,,,,,,,,,,
,,,,,,,,,,,
,,,,,,,,,,,
,,,,,,,,,,,
,,,,,,,,,,,
,,,,,,,,,,,
,,,,,,,,,,,
,,,,,,,,,,,
,,,,,,,,,,,
,,,,,,,,,,,
,,,,,,,,,,,
,,,,,,,,,,,
,,,,,,,,,,,
,,,,,,,,,,,
,,,,,,,,,,,
,,,,,,,,,,,
,,,,,,,,,,,
,,,,,,,,,,,
,,,,,,,,,,,
,,,,,,,,,,,
,,,,,,,,,,,
,,,,,,,,,,,
,,,,,,,,,,,
,,,,,,,,,,,
,,,,,,,,,,,
,,,,,,,,,,,
,,,,,,,,,,,
,,,,,,,,,,,
,,,,,,,,,,,
,,,,,,,,,,,
,,,,,,,,,,,
,,,,,,,,,,,
,,,,,,,,,,,
,,,,,,,,,,,
,,,,,,,,,,,
,,,,,,,,,,,
,,,,,,,,,,,
,,,,,,,,,,,
,,,,,,,,,,,
,,,,,,,,,,,
,,,,,,,,,,,
,,,,,,,,,,,
,,,,,,,,,,,
,,,,,,,,,,,
,,,,,,,,,,,
,,,,,,,,,,,
,,,,,,,,,,,
,,,,,,,,,,,
,,,,,,,,,,,
,,,,,,,,,,,
,,,,,,,,,,,
,,,,,,,,,,,
,,,,,,,,,,,
,,,,,,,,,,,
,,,,,,,,,,,
,,,,,,,,,,,
,,,,,,,,,,,
,,,,,,,,,,,
,,,,,,,,,,,
,,,,,,,,,,,
,,,,,,,,,,,
,,,,,,,,,,,
,,,,,,,,,,,
,,,,,,,,,,,
,,,,,,,,,,,
,,,,,,,,,,,
,,,,,,,,,,,
,,,,,,,,,,,
,,,,,,,,,,,
,,,,,,,,,,,
,,,,,,,,,,,
,,,,,,,,,,,
,,,,,,,,,,,
,,,,,,,,,,,
,,,,,,,,,,,
,,,,,,,,,,,
,,,,,,,,,,,
,,,,,,,,,,,
,,,,,,,,,,,
,,,,,,,,,,,
,,,,,,,,,,,
,,,,,,,,,,,
,,,,,,,,,,,
,,,,,,,,,,,
,,,,,,,,,,,
,,,,,,,,,,,
,,,,,,,,,,,
,,,,,,,,,,,
,,,,,,,,,,,
,,,,,,,,,,,
,,,,,,,,,,,
,,,,,,,,,,,
,,,,,,,,,,,
,,,,,,,,,,,
,,,,,,,,,,,
,,,,,,,,,,,
,,,,,,,,,,,
,,,,,,,,,,,
,,,,,,,,,,,
,,,,,,,,,,,
,,,,,,,,,,,
,,,,,,,,,,,
,,,,,,,,,,,
,,,,,,,,,,,
,,,,,,,,,,,
,,,,,,,,,,,
,,,,,,,,,,,
,,,,,,,,,,,
,,,,,,,,,,,
,,,,,,,,,,,
,,,,,,,,,,,
,,,,,,,,,,,
,,,,,,,,,,,
,,,,,,,,,,,
,,,,,,,,,,,
,,,,,,,,,,,
,,,,,,,,,,,
,,,,,,,,,,,
,,,,,,,,,,,
,,,,,,,,,,,
,,,,,,,,,,,
,,,,,,,,,,,
,,,,,,,,,,,
,,,,,,,,,,,
,,,,,,,,,,,
,,,,,,,,,,,
,,,,,,,,,,,
,,,,,,,,,,,
,,,,,,,,,,,
,,,,,,,,,,,
,,,,,,,,,,,
,,,,,,,,,,,
,,,,,,,,,,,
,,,,,,,,,,,
,,,,,,,,,,,
,,,,,,,,,,,
,,,,,,,,,,,
,,,,,,,,,,,
,,,,,,,,,,,
,,,,,,,,,,,
,,,,,,,,,,,
,,,,,,,,,,,
,,,,,,,,,,,
,,,,,,,,,,,
,,,,,,,,,,,
,,,,,,,,,,,
,,,,,,,,,,,
,,,,,,,,,,,
,,,,,,,,,,,
,,,,,,,,,,,
,,,,,,,,,,,
,,,,,,,,,,,
,,,,,,,,,,,
,,,,,,,,,,,
,,,,,,,,,,,
,,,,,,,,,,,
,,,,,,,,,,,
,,,,,,,,,,,
,,,,,,,,,,,
,,,,,,,,,,,
,,,,,,,,,,,
,,,,,,,,,,,
,,,,,,,,,,,
,,,,,,,,,,,
,,,,,,,,,,,
,,,,,,,,,,,
,,,,,,,,,,,
,,,,,,,,,,,
,,,,,,,,,,,
,,,,,,,,,,,
,,,,,,,,,,,
,,,,,,,,,,,
,,,,,,,,,,,
,,,,,,,,,,,
,,,,,,,,,,,
,,,,,,,,,,,
,,,,,,,,,,,
,,,,,,,,,,,
,,,,,,,,,,,
,,,,,,,,,,,
,,,,,,,,,,,
,,,,,,,,,,,
,,,,,,,,,,,
,,,,,,,,,,,
,,,,,,,,,,,
,,,,,,,,,,,
,,,,,,,,,,,
,,,,,,,,,,,
,,,,,,,,,,,
,,,,,,,,,,,
,,,,,,,,,,,
,,,,,,,,,,,
,,,,,,,,,,,
,,,,,,,,,,,
,,,,,,,,,,,
,,,,,,,,,,,
,,,,,,,,,,,
,,,,,,,,,,,
,,,,,,,,,,,
,,,,,,,,,,,
,,,,,,,,,,,
,,,,,,,,,,,
,,,,,,,,,,,
,,,,,,,,,,,
,,,,,,,,,,,
,,,,,,,,,,,
,,,,,,,,,,,
,,,,,,,,,,,
,,,,,,,,,,,
,,,,,,,,,,,
,,,,,,,,,,,
,,,,,,,,,,,
,,,,,,,,,,,
,,,,,,,,,,,
,,,,,,,,,,,
,,,,,,,,,,,
,,,,,,,,,,,
,,,,,,,,,,,
,,,,,,,,,,,
,,,,,,,,,,,
,,,,,,,,,,,
,,,,,,,,,,,
,,,,,,,,,,,
,,,,,,,,,,,
,,,,,,,,,,,
,,,,,,,,,,,
,,,,,,,,,,,
,,,,,,,,,,,
,,,,,,,,,,,
,,,,,,,,,,,
,,,,,,,,,,,
,,,,,,,,,,,
,,,,,,,,,,,
,,,,,,,,,,,
,,,,,,,,,,,
,,,,,,,,,,,
,,,,,,,,,,,
,,,,,,,,,,,
,,,,,,,,,,,
,,,,,,,,,,,
,,,,,,,,,,,
,,,,,,,,,,,
,,,,,,,,,,,
,,,,,,,,,,,
,,,,,,,,,,,
,,,,,,,,,,,
,,,,,,,,,,,
,,,,,,,,,,,
,,,,,,,,,,,
,,,,,,,,,,,
,,,,,,,,,,,
,,,,,,,,,,,
,,,,,,,,,,,
,,,,,,,,,,,
,,,,,,,,,,,
,,,,,,,,,,,
,,,,,,,,,,,
,,,,,,,,,,,
,,,,,,,,,,,
,,,,,,,,,,,
,,,,,,,,,,,
,,,,,,,,,,,
,,,,,,,,,,,
,,,,,,,,,,,
,,,,,,,,,,,
,,,,,,,,,,,
,,,,,,,,,,,
,,,,,,,,,,,
,,,,,,,,,,,
,,,,,,,,,,,
,,,,,,,,,,,
,,,,,,,,,,,
,,,,,,,,,,,
,,,,,,,,,,,
,,,,,,,,,,,
,,,,,,,,,,,
,,,,,,,,,,,
,,,,,,,,,,,
,,,,,,,,,,,
,,,,,,,,,,,
,,,,,,,,,,,
,,,,,,,,,,,
,,,,,,,,,,,
,,,,,,,,,,,
,,,,,,,,,,,
,,,,,,,,,,,
,,,,,,,,,,,
,,,,,,,,,,,
,,,,,,,,,,,
,,,,,,,,,,,
,,,,,,,,,,,
,,,,,,,,,,,
,,,,,,,,,,,
,,,,,,,,,,,
,,,,,,,,,,,
,,,,,,,,,,,
,,,,,,,,,,,
,,,,,,,,,,,
,,,,,,,,,,,
,,,,,,,,,,,
,,,,,,,,,,,
,,,,,,,,,,,
,,,,,,,,,,,
,,,,,,,,,,,
,,,,,,,,,,,
,,,,,,,,,,,
,,,,,,,,,,,
,,,,,,,,,,,
,,,,,,,,,,,
,,,,,,,,,,,
,,,,,,,,,,,
,,,,,,,,,,,
,,,,,,,,,,,
,,,,,,,,,,,
,,,,,,,,,,,
,,,,,,,,,,,
,,,,,,,,,,,
,,,,,,,,,,,
,,,,,,,,,,,
,,,,,,,,,,,
,,,,,,,,,,,
,,,,,,,,,,,
,,,,,,,,,,,
,,,,,,,,,,,
,,,,,,,,,,,
,,,,,,,,,,,
,,,,,,,,,,,
,,,,,,,,,,,
,,,,,,,,,,,
,,,,,,,,,,,
,,,,,,,,,,,
,,,,,,,,,,,
,,,,,,,,,,,
,,,,,,,,,,,
,,,,,,,,,,,
,,,,,,,,,,,
,,,,,,,,,,,
,,,,,,,,,,,
,,,,,,,,,,,
,,,,,,,,,,,
,,,,,,,,,,,
,,,,,,,,,,,
,,,,,,,,,,,
,,,,,,,,,,,
,,,,,,,,,,,
,,,,,,,,,,,
,,,,,,,,,,,
,,,,,,,,,,,
,,,,,,,,,,,
,,,,,,,,,,,
,,,,,,,,,,,
,,,,,,,,,,,
,,,,,,,,,,,
,,,,,,,,,,,
,,,,,,,,,,,
,,,,,,,,,,,
,,,,,,,,,,,
,,,,,,,,,,,
,,,,,,,,,,,
,,,,,,,,,,,
,,,,,,,,,,,
,,,,,,,,,,,
,,,,,,,,,,,
,,,,,,,,,,,
,,,,,,,,,,,
,,,,,,,,,,,
,,,,,,,,,,,
,,,,,,,,,,,
,,,,,,,,,,,
,,,,,,,,,,,
,,,,,,,,,,,
,,,,,,,,,,,
,,,,,,,,,,,
,,,,,,,,,,,
,,,,,,,,,,,
,,,,,,,,,,,
,,,,,,,,,,,
,,,,,,,,,,,
,,,,,,,,,,,
,,,,,,,,,,,
,,,,,,,,,,,
,,,,,,,,,,,
,,,,,,,,,,,
,,,,,,,,,,,
,,,,,,,,,,,
,,,,,,,,,,,
,,,,,,,,,,,
,,,,,,,,,,,
,,,,,,,,,,,
,,,,,,,,,,,
,,,,,,,,,,,
,,,,,,,,,,,
,,,,,,,,,,,
,,,,,,,,,,,
,,,,,,,,,,,
,,,,,,,,,,,
,,,,,,,,,,,
,,,,,,,,,,,
,,,,,,,,,,,
,,,,,,,,,,,
,,,,,,,,,,,
,,,,,,,,,,,
,,,,,,,,,,,
,,,,,,,,,,,
,,,,,,,,,,,
,,,,,,,,,,,
,,,,,,,,,,,
,,,,,,,,,,,
,,,,,,,,,,,
,,,,,,,,,,,
,,,,,,,,,,,
,,,,,,,,,,,
,,,,,,,,,,,
,,,,,,,,,,,
,,,,,,,,,,,
,,,,,,,,,,,
,,,,,,,,,,,
,,,,,,,,,,,
,,,,,,,,,,,
,,,,,,,,,,,
,,,,,,,,,,,
,,,,,,,,,,,
,,,,,,,,,,,
,,,,,,,,,,,
,,,,,,,,,,,
,,,,,,,,,,,
,,,,,,,,,,,
,,,,,,,,,,,
,,,,,,,,,,,
,,,,,,,,,,,
,,,,,,,,,,,
,,,,,,,,,,,
,,,,,,,,,,,
,,,,,,,,,,,
,,,,,,,,,,,
,,,,,,,,,,,
,,,,,,,,,,,
,,,,,,,,,,,
,,,,,,,,,,,
,,,,,,,,,,,
,,,,,,,,,,,
,,,,,,,,,,,
,,,,,,,,,,,
,,,,,,,,,,,
,,,,,,,,,,,
,,,,,,,,,,,
,,,,,,,,,,,
,,,,,,,,,,,
,,,,,,,,,,,
,,,,,,,,,,,
,,,,,,,,,,,
,,,,,,,,,,,
,,,,,,,,,,,
,,,,,,,,,,,
,,,,,,,,,,,
,,,,,,,,,,,
META,Stop @ $665.76,stop,sell,7,7,665.73,filled,access_key,"Oct 31, 2025, 8:26:53 AM","Oct 31, 2025, 8:26:53 AM","Oct 31, 2025, 9:00:00 AM"
GOOGL,Limit @ $283.47,limit,sell,16,16,283.47,filled,access_key,"Oct 31, 2025, 8:26:45 AM","Oct 31, 2025, 8:30:29 AM","Oct 31, 2025, 9:00:00 AM"
GOOGL,Market,market,buy,16,16,282.8167,filled,access_key,"Oct 31, 2025, 8:26:45 AM","Oct 31, 2025, 8:26:45 AM","Oct 31, 2025, 9:00:00 AM"
META,Market,market,buy,7,7,666.53,filled,access_key,"Oct 31, 2025, 8:26:43 AM","Oct 31, 2025, 8:26:43 AM","Oct 31, 2025, 9:00:00 AM"
META,Stop @ $667.17,stop,sell,7,7,667.199,filled,access_key,"Oct 31, 2025, 8:20:04 AM","Oct 31, 2025, 8:20:04 AM","Oct 31, 2025, 9:00:00 AM"
GOOGL,Limit @ $283.24,limit,sell,17,17,283.24,filled,access_key,"Oct 31, 2025, 8:18:38 AM","Oct 31, 2025, 8:28:50 AM","Oct 31, 2025, 9:00:00 AM"
GOOGL,Market,market,buy,17,17,282.5918,filled,access_key,"Oct 31, 2025, 8:18:38 AM","Oct 31, 2025, 8:18:38 AM","Oct 31, 2025, 9:00:00 AM"
META,Market,market,buy,7,7,667.8887,filled,access_key,"Oct 31, 2025, 8:18:36 AM","Oct 31, 2025, 8:18:36 AM","Oct 31, 2025, 9:00:00 AM"
GOOGL,Stop @ $282.67,stop,sell,16,16,282.6371,filled,access_key,"Oct 31, 2025, 8:16:00 AM","Oct 31, 2025, 8:16:00 AM","Oct 31, 2025, 9:00:00 AM"
GOOGL,Stop @ $282.82,stop,sell,17,17,282.82,filled,access_key,"Oct 31, 2025, 8:15:20 AM","Oct 31, 2025, 8:15:20 AM","Oct 31, 2025, 9:00:00 AM"
GOOGL,Market,market,buy,16,16,282.9998,filled,access_key,"Oct 31, 2025, 8:10:35 AM","Oct 31, 2025, 8:10:35 AM","Oct 31, 2025, 9:00:00 AM"
META,Limit @ $668.26,limit,sell,7,7,668.26,filled,access_key,"Oct 31, 2025, 8:10:33 AM","Oct 31, 2025, 8:14:08 AM","Oct 31, 2025, 9:00:00 AM"
META,Market,market,buy,7,7,666.665,filled,access_key,"Oct 31, 2025, 8:10:33 AM","Oct 31, 2025, 8:10:33 AM","Oct 31, 2025, 9:00:00 AM"
META,Stop @ $665.28,stop,sell,7,7,665.2773,filled,access_key,"Oct 31, 2025, 8:04:08 AM","Oct 31, 2025, 8:04:08 AM","Oct 31, 2025, 9:00:00 AM"
GOOGL,Market,market,buy,17,17,283.16,filled,access_key,"Oct 31, 2025, 8:02:32 AM","Oct 31, 2025, 8:02:32 AM","Oct 31, 2025, 9:00:00 AM"
META,Market,market,buy,7,7,665.9577,filled,access_key,"Oct 31, 2025, 8:02:30 AM","Oct 31, 2025, 8:02:30 AM","Oct 31, 2025, 9:00:00 AM"
GOOGL,Stop @ $283.25,stop,sell,17,17,283.2636,filled,access_key,"Oct 31, 2025, 8:01:30 AM","Oct 31, 2025, 8:01:30 AM","Oct 31, 2025, 9:00:00 AM"
META,Stop @ $665.74,stop,sell,7,7,665.635,filled,access_key,"Oct 31, 2025, 7:55:39 AM","Oct 31, 2025, 7:55:39 AM","Oct 31, 2025, 9:00:00 AM"
GOOGL,Market,market,buy,17,17,283.5898,filled,access_key,"Oct 31, 2025, 7:54:28 AM","Oct 31, 2025, 7:54:28 AM","Oct 31, 2025, 9:00:00 AM"
META,Market,market,buy,7,7,666.59,filled,access_key,"Oct 31, 2025, 7:54:26 AM","Oct 31, 2025, 7:54:26 AM","Oct 31, 2025, 9:00:00 AM"
META,Stop @ $664.37,stop,sell,7,7,664.4931,filled,access_key,"Oct 31, 2025, 7:46:46 AM","Oct 31, 2025, 7:46:46 AM","Oct 31, 2025, 9:00:00 AM"
GOOGL,Stop @ $283.39,stop,sell,17,17,283.37,filled,access_key,"Oct 31, 2025, 7:46:43 AM","Oct 31, 2025, 7:46:43 AM","Oct 31, 2025, 9:00:00 AM"
GOOGL,Market,market,buy,17,17,283.62,filled,access_key,"Oct 31, 2025, 7:46:24 AM","Oct 31, 2025, 7:46:24 AM","Oct 31, 2025, 9:00:00 AM"
META,Market,market,buy,7,7,665.048,filled,access_key,"Oct 31, 2025, 7:46:22 AM","Oct 31, 2025, 7:46:22 AM","Oct 31, 2025, 9:00:00 AM"
META,Stop @ $666.13,stop,sell,7,7,666.12,filled,access_key,"Oct 31, 2025, 7:38:40 AM","Oct 31, 2025, 7:38:40 AM","Oct 31, 2025, 9:00:00 AM"
GOOGL,Limit @ $283.79,limit,sell,17,17,283.79,filled,access_key,"Oct 31, 2025, 7:38:22 AM","Oct 31, 2025, 7:45:35 AM","Oct 31, 2025, 9:00:00 AM"
GOOGL,Market,market,buy,17,17,283.1798,filled,access_key,"Oct 31, 2025, 7:38:22 AM","Oct 31, 2025, 7:38:22 AM","Oct 31, 2025, 9:00:00 AM"
META,Market,market,buy,7,7,666.905,filled,access_key,"Oct 31, 2025, 7:38:19 AM","Oct 31, 2025, 7:38:20 AM","Oct 31, 2025, 9:00:00 AM"
GOOGL,Stop @ $283.14,stop,sell,15,15,283.13,filled,access_key,"Oct 31, 2025, 7:38:18 AM","Oct 31, 2025, 7:38:19 AM","Oct 31, 2025, 9:00:00 AM"
META,Stop @ $668.40,stop,sell,7,7,668.246,filled,access_key,"Oct 31, 2025, 7:34:20 AM","Oct 31, 2025, 7:34:20 AM","Oct 31, 2025, 9:00:00 AM"
GOOGL,Market,market,buy,15,15,283.48,filled,access_key,"Oct 31, 2025, 7:30:15 AM","Oct 31, 2025, 7:30:15 AM","Oct 31, 2025, 9:00:00 AM"
META,Market,market,buy,7,7,669.2134,filled,access_key,"Oct 31, 2025, 7:30:13 AM","Oct 31, 2025, 7:30:13 AM","Oct 31, 2025, 9:00:00 AM"
GOOGL,Limit @ $283.65,limit,sell,16,16,283.65,filled,access_key,"Oct 31, 2025, 7:22:17 AM","Oct 31, 2025, 7:30:23 AM","Oct 31, 2025, 9:00:00 AM"
GOOGL,Market,market,buy,16,16,283.0199,filled,access_key,"Oct 31, 2025, 7:22:17 AM","Oct 31, 2025, 7:22:17 AM","Oct 31, 2025, 9:00:00 AM"
META,Limit @ $667.82,limit,sell,7,7,667.82,filled,access_key,"Oct 31, 2025, 7:22:15 AM","Oct 31, 2025, 7:29:12 AM","Oct 31, 2025, 9:00:00 AM"
META,Market,market,buy,7,7,666.3105,filled,access_key,"Oct 31, 2025, 7:22:15 AM","Oct 31, 2025, 7:22:15 AM","Oct 31, 2025, 9:00:00 AM"
GOOGL,Limit @ $283.61,limit,sell,18,18,283.61,filled,access_key,"Oct 31, 2025, 7:14:21 AM","Oct 31, 2025, 7:30:23 AM","Oct 31, 2025, 9:00:00 AM"
GOOGL,Market,market,buy,18,18,282.98,filled,access_key,"Oct 31, 2025, 7:14:21 AM","Oct 31, 2025, 7:14:21 AM","Oct 31, 2025, 9:00:00 AM"
COIN,Stop @ $338.18,stop,sell,15,15,338.1072,filled,access_key,"Oct 31, 2025, 6:56:44 AM","Oct 31, 2025, 6:56:44 AM","Oct 31, 2025, 9:00:00 AM"
COIN,Market,market,buy,15,15,338.6343,filled,access_key,"Oct 31, 2025, 6:55:33 AM","Oct 31, 2025, 6:55:33 AM","Oct 31, 2025, 9:00:00 AM"
COIN,Stop @ $337.64,stop,sell,15,15,337.59,filled,access_key,"Oct 31, 2025, 6:50:58 AM","Oct 31, 2025, 6:50:58 AM","Oct 31, 2025, 9:00:00 AM"
COIN,Market,market,buy,15,15,338.03,filled,access_key,"Oct 31, 2025, 6:47:11 AM","Oct 31, 2025, 6:47:11 AM","Oct 31, 2025, 9:00:00 AM"
COIN,Stop @ $336.60,stop,sell,15,15,336.8,filled,access_key,"Oct 31, 2025, 6:40:04 AM","Oct 31, 2025, 6:40:04 AM","Oct 31, 2025, 9:00:00 AM"
COIN,Market,market,buy,15,15,336.9933,filled,access_key,"Oct 31, 2025, 6:39:22 AM","Oct 31, 2025, 6:39:22 AM","Oct 31, 2025, 9:00:00 AM"